,Tanggal,Shift,Subtotal,Jumlah Transaksi,Tanggal_month,Jumlah Transaksi_1month,Subtotal_1month
0,2021-10-30,1,3332000,22,2021-10-02,,
1,2021-10-30,2,7966000,44,2021-10-02,,
2,2021-10-31,1,3037000,16,2021-10-03,,
3,2021-10-31,2,8073000,46,2021-10-03,,
4,2021-11-01,1,2476000,15,2021-10-04,,
5,2021-11-01,2,2613000,18,2021-10-04,,
6,2021-11-02,1,1216000,8,2021-10-05,,
7,2021-11-02,2,3811000,28,2021-10-05,,
8,2021-11-03,1,2933000,13,2021-10-06,,
9,2021-11-03,2,2568000,20,2021-10-06,,
10,2021-11-04,1,2004000,16,2021-10-07,,
11,2021-11-04,2,3466000,24,2021-10-07,,
12,2021-11-05,1,2700000,20,2021-10-08,,
13,2021-11-05,2,5554000,34,2021-10-08,,
14,2021-11-06,1,4226000,34,2021-10-09,,
15,2021-11-06,2,8634000,52,2021-10-09,,
16,2021-11-07,1,4746000,27,2021-10-10,,
17,2021-11-07,2,9906000,61,2021-10-10,,
18,2021-11-08,1,1884000,11,2021-10-11,,
19,2021-11-08,2,6399000,39,2021-10-11,,
20,2021-11-09,1,1572000,13,2021-10-12,,
21,2021-11-09,2,3700000,28,2021-10-12,,
22,2021-11-10,1,4346000,21,2021-10-13,,
23,2021-11-10,2,6813000,40,2021-10-13,,
24,2021-11-11,1,4172500,22,2021-10-14,,
25,2021-11-11,2,6012000,34,2021-10-14,,
26,2021-11-12,1,1225000,9,2021-10-15,,
27,2021-11-12,2,7341000,44,2021-10-15,,
28,2021-11-13,1,3472000,24,2021-10-16,,
29,2021-11-13,2,8305000,48,2021-10-16,,
30,2021-11-14,1,3864000,19,2021-10-17,,
31,2021-11-14,2,11668000,58,2021-10-17,,
32,2021-11-15,1,3881000,25,2021-10-18,,
33,2021-11-15,2,4347500,23,2021-10-18,,
34,2021-11-16,1,4416000,23,2021-10-19,,
35,2021-11-16,2,5410000,30,2021-10-19,,
36,2021-11-17,1,2339000,14,2021-10-20,,
37,2021-11-17,2,4358000,28,2021-10-20,,
38,2021-11-18,1,2672000,22,2021-10-21,,
39,2021-11-18,2,6362000,39,2021-10-21,,
40,2021-11-19,1,2832000,19,2021-10-22,,
41,2021-11-19,2,6134000,36,2021-10-22,,
42,2021-11-20,1,4410000,23,2021-10-23,,
43,2021-11-20,2,7995000,56,2021-10-23,,
44,2021-11-21,1,3575500,26,2021-10-24,,
45,2021-11-21,2,9949000,50,2021-10-24,,
46,2021-11-22,1,3301000,24,2021-10-25,,
47,2021-11-22,2,4314000,33,2021-10-25,,
48,2021-11-23,1,2369000,19,2021-10-26,,
49,2021-11-23,2,6111000,38,2021-10-26,,
50,2021-11-24,1,3895000,25,2021-10-27,,
51,2021-11-24,2,4433000,29,2021-10-27,,
52,2021-11-25,1,4918000,23,2021-10-28,,
53,2021-11-25,2,6525000,40,2021-10-28,,
54,2021-11-26,1,1729000,12,2021-10-29,,
55,2021-11-26,2,6107500,40,2021-10-29,,
56,2021-11-27,1,3606500,25,2021-10-30,132.0,22596000.0
57,2021-11-27,2,9911000,60,2021-10-30,132.0,22596000.0
58,2021-11-28,1,4266000,26,2021-10-31,124.0,22220000.0
59,2021-11-28,2,8255000,48,2021-10-31,124.0,22220000.0
60,2021-11-29,1,3682000,26,2021-11-01,66.0,10178000.0
61,2021-11-29,2,6588000,45,2021-11-01,66.0,10178000.0
62,2021-11-30,1,3115000,23,2021-11-02,72.0,10054000.0
63,2021-11-30,2,4395000,23,2021-11-02,72.0,10054000.0
64,2021-12-01,1,1651000,11,2021-11-03,66.0,11002000.0
65,2021-12-01,2,6249000,38,2021-11-03,66.0,11002000.0
66,2021-12-02,1,3459000,15,2021-11-04,80.0,10940000.0
67,2021-12-02,2,7919000,52,2021-11-04,80.0,10940000.0
68,2021-12-03,1,3920000,27,2021-11-05,108.0,16508000.0
69,2021-12-03,2,6493000,39,2021-11-05,108.0,16508000.0
70,2021-12-04,1,3825500,20,2021-11-06,172.0,25720000.0
71,2021-12-04,2,8067500,46,2021-11-06,172.0,25720000.0
72,2021-12-05,1,3734000,25,2021-11-07,176.0,29304000.0
73,2021-12-05,2,8923500,58,2021-11-07,176.0,29304000.0
74,2021-12-06,1,2564000,19,2021-11-08,100.0,16566000.0
75,2021-12-06,2,5384000,38,2021-11-08,100.0,16566000.0
76,2021-12-07,1,4151000,27,2021-11-09,82.0,10544000.0
77,2021-12-07,2,4006000,29,2021-11-09,82.0,10544000.0
78,2021-12-08,1,3937000,24,2021-11-10,122.0,22318000.0
79,2021-12-08,2,8471000,38,2021-11-10,122.0,22318000.0
80,2021-12-09,1,5731000,25,2021-11-11,112.0,20369000.0
81,2021-12-09,2,5873000,34,2021-11-11,112.0,20369000.0
82,2021-12-10,1,4589000,23,2021-11-12,106.0,17132000.0
83,2021-12-10,2,6413000,38,2021-11-12,106.0,17132000.0
84,2021-12-11,1,5103000,33,2021-11-13,144.0,23554000.0
85,2021-12-11,2,6668000,43,2021-11-13,144.0,23554000.0
86,2021-12-12,1,5780000,36,2021-11-14,154.0,31064000.0
87,2021-12-12,2,8311000,47,2021-11-14,154.0,31064000.0
88,2021-12-13,1,2741000,20,2021-11-15,96.0,16457000.0
89,2021-12-13,2,4963000,35,2021-11-15,96.0,16457000.0
90,2021-12-14,1,2111000,16,2021-11-16,106.0,19652000.0
91,2021-12-14,2,5203000,29,2021-11-16,106.0,19652000.0
92,2021-12-15,1,2924000,19,2021-11-17,84.0,13394000.0
93,2021-12-15,2,7009000,44,2021-11-17,84.0,13394000.0
94,2021-12-16,1,3208000,21,2021-11-18,122.0,18068000.0
95,2021-12-16,2,8171000,51,2021-11-18,122.0,18068000.0
96,2021-12-17,1,2333000,18,2021-11-19,110.0,17932000.0
97,2021-12-17,2,5926500,43,2021-11-19,110.0,17932000.0
98,2021-12-18,1,6295000,40,2021-11-20,158.0,24810000.0
99,2021-12-18,2,8203000,50,2021-11-20,158.0,24810000.0
100,2021-12-19,1,4002000,24,2021-11-21,152.0,27049000.0
101,2021-12-19,2,10756000,57,2021-11-21,152.0,27049000.0
102,2021-12-20,1,3907000,21,2021-11-22,114.0,15230000.0
103,2021-12-20,2,9111000,51,2021-11-22,114.0,15230000.0
104,2021-12-21,1,2736000,19,2021-11-23,114.0,16960000.0
105,2021-12-21,2,6593000,43,2021-11-23,114.0,16960000.0
106,2021-12-22,1,3364000,22,2021-11-24,108.0,16656000.0
107,2021-12-22,2,7904000,41,2021-11-24,108.0,16656000.0
108,2021-12-23,1,3991000,27,2021-11-25,126.0,22886000.0
109,2021-12-23,2,7110000,47,2021-11-25,126.0,22886000.0
110,2021-12-24,1,2838000,22,2021-11-26,104.0,15673000.0
111,2021-12-24,2,7027000,44,2021-11-26,104.0,15673000.0
112,2021-12-25,1,2915000,16,2021-11-27,170.0,27035000.0
113,2021-12-25,2,8952000,46,2021-11-27,170.0,27035000.0
114,2021-12-26,1,3370000,19,2021-11-28,148.0,25042000.0
115,2021-12-26,2,9454000,50,2021-11-28,148.0,25042000.0
116,2021-12-27,1,5907000,25,2021-11-29,142.0,20540000.0
117,2021-12-27,2,5736500,38,2021-11-29,142.0,20540000.0
118,2021-12-28,1,4310500,27,2021-11-30,92.0,15020000.0
119,2021-12-28,2,8082000,53,2021-11-30,92.0,15020000.0
120,2021-12-29,1,2684000,15,2021-12-01,98.0,15800000.0
121,2021-12-29,2,5954000,35,2021-12-01,98.0,15800000.0
122,2021-12-30,1,3037000,21,2021-12-02,134.0,22756000.0
123,2021-12-30,2,9687000,50,2021-12-02,134.0,22756000.0
124,2021-12-31,1,3012000,16,2021-12-03,132.0,20826000.0
125,2021-12-31,2,4450000,29,2021-12-03,132.0,20826000.0
126,2022-01-01,1,3779000,26,2021-12-04,132.0,23786000.0
127,2022-01-01,2,10548000,55,2021-12-04,132.0,23786000.0
128,2022-01-02,1,4001000,26,2021-12-05,166.0,25315000.0
129,2022-01-02,2,10725000,56,2021-12-05,166.0,25315000.0
130,2022-01-03,1,6839000,29,2021-12-06,114.0,15896000.0
131,2022-01-03,2,7910000,51,2021-12-06,114.0,15896000.0
132,2022-01-04,1,5091000,29,2021-12-07,112.0,16314000.0
133,2022-01-04,2,5626000,39,2021-12-07,112.0,16314000.0
134,2022-01-05,1,3581500,20,2021-12-08,124.0,24816000.0
135,2022-01-05,2,5269000,33,2021-12-08,124.0,24816000.0
136,2022-01-06,1,3125000,18,2021-12-09,118.0,23208000.0
137,2022-01-06,2,5413500,39,2021-12-09,118.0,23208000.0
138,2022-01-07,1,1097000,11,2021-12-10,122.0,22004000.0
139,2022-01-07,2,9955500,53,2021-12-10,122.0,22004000.0
140,2022-01-08,1,6245500,26,2021-12-11,152.0,23542000.0
141,2022-01-08,2,8195000,48,2021-12-11,152.0,23542000.0
142,2022-01-09,1,2924000,17,2021-12-12,166.0,28182000.0
143,2022-01-09,2,9133500,54,2021-12-12,166.0,28182000.0
144,2022-01-10,1,2011000,13,2021-12-13,110.0,15408000.0
145,2022-01-10,2,7841000,46,2021-12-13,110.0,15408000.0
146,2022-01-11,1,2763000,21,2021-12-14,90.0,14628000.0
147,2022-01-11,2,6009000,37,2021-12-14,90.0,14628000.0
148,2022-01-12,1,3825000,21,2021-12-15,126.0,19866000.0
149,2022-01-12,2,7089500,43,2021-12-15,126.0,19866000.0
150,2022-01-13,1,4094000,21,2021-12-16,144.0,22758000.0
151,2022-01-13,2,7951500,52,2021-12-16,144.0,22758000.0
152,2022-01-14,1,3551500,22,2021-12-17,122.0,16519000.0
153,2022-01-14,2,7812000,45,2021-12-17,122.0,16519000.0
154,2022-01-15,1,2686000,15,2021-12-18,180.0,28996000.0
155,2022-01-15,2,8093000,46,2021-12-18,180.0,28996000.0
156,2022-01-16,1,4987000,25,2021-12-19,162.0,29516000.0
157,2022-01-16,2,9006000,52,2021-12-19,162.0,29516000.0
158,2022-01-17,1,2203500,18,2021-12-20,144.0,26036000.0
159,2022-01-17,2,5272000,34,2021-12-20,144.0,26036000.0
160,2022-01-18,1,4128000,25,2021-12-21,124.0,18658000.0
161,2022-01-18,2,4506000,31,2021-12-21,124.0,18658000.0
162,2022-01-19,1,2737500,22,2021-12-22,126.0,22536000.0
163,2022-01-19,2,7870000,38,2021-12-22,126.0,22536000.0
164,2022-01-20,1,3033000,22,2021-12-23,148.0,22202000.0
165,2022-01-20,2,5077000,36,2021-12-23,148.0,22202000.0
166,2022-01-21,1,1892000,10,2021-12-24,132.0,19730000.0
167,2022-01-21,2,5040000,34,2021-12-24,132.0,19730000.0
168,2022-01-22,1,5129000,31,2021-12-25,124.0,23734000.0
169,2022-01-22,2,7723500,47,2021-12-25,124.0,23734000.0
170,2022-01-23,1,2498000,16,2021-12-26,138.0,25648000.0
171,2022-01-23,2,9174500,52,2021-12-26,138.0,25648000.0
172,2022-01-24,1,965000,9,2021-12-27,126.0,23287000.0
173,2022-01-24,2,7924000,44,2021-12-27,126.0,23287000.0
174,2022-01-25,1,4381000,21,2021-12-28,160.0,24785000.0
175,2022-01-25,2,5053000,27,2021-12-28,160.0,24785000.0
176,2022-01-26,1,3771000,23,2021-12-29,100.0,17276000.0
177,2022-01-26,2,6941000,40,2021-12-29,100.0,17276000.0
178,2022-01-27,1,3412000,21,2021-12-30,142.0,25448000.0
179,2022-01-27,2,7155000,40,2021-12-30,142.0,25448000.0
180,2022-01-28,1,2449000,14,2021-12-31,90.0,14924000.0
181,2022-01-28,2,5844000,36,2021-12-31,90.0,14924000.0
182,2022-01-29,1,4802000,23,2022-01-01,162.0,28654000.0
183,2022-01-29,2,8750000,47,2022-01-01,162.0,28654000.0
184,2022-01-30,1,3838000,21,2022-01-02,164.0,29452000.0
185,2022-01-30,2,9264000,49,2022-01-02,164.0,29452000.0
186,2022-01-31,1,4386000,18,2022-01-03,160.0,29498000.0
187,2022-01-31,2,9684000,52,2022-01-03,160.0,29498000.0
188,2022-02-01,1,2867000,18,2022-01-04,136.0,21434000.0
189,2022-02-01,2,6950000,41,2022-01-04,136.0,21434000.0
190,2022-02-02,1,4208000,18,2022-01-05,106.0,17701000.0
191,2022-02-02,2,4732000,30,2022-01-05,106.0,17701000.0
192,2022-02-03,1,4213500,28,2022-01-06,114.0,17077000.0
193,2022-02-03,2,4125500,33,2022-01-06,114.0,17077000.0
194,2022-02-04,1,3142000,24,2022-01-07,128.0,22105000.0
195,2022-02-04,2,4164500,31,2022-01-07,128.0,22105000.0
196,2022-02-05,1,3446000,17,2022-01-08,148.0,28881000.0
197,2022-02-05,2,7013500,44,2022-01-08,148.0,28881000.0
198,2022-02-06,1,2876000,17,2022-01-09,142.0,24115000.0
199,2022-02-06,2,8645000,48,2022-01-09,142.0,24115000.0
200,2022-02-07,1,2061000,13,2022-01-10,118.0,19704000.0
201,2022-02-07,2,7155000,41,2022-01-10,118.0,19704000.0
202,2022-02-08,1,3891000,19,2022-01-11,116.0,17544000.0
203,2022-02-08,2,3844500,30,2022-01-11,116.0,17544000.0
204,2022-02-09,1,3033000,23,2022-01-12,128.0,21829000.0
205,2022-02-09,2,7396000,41,2022-01-12,128.0,21829000.0
206,2022-02-10,1,3660000,22,2022-01-13,146.0,24091000.0
207,2022-02-10,2,6645000,30,2022-01-13,146.0,24091000.0
208,2022-02-11,1,4021000,27,2022-01-14,134.0,22727000.0
209,2022-02-11,2,6303000,40,2022-01-14,134.0,22727000.0
210,2022-02-12,1,5509000,28,2022-01-15,122.0,21558000.0
211,2022-02-12,2,5236000,39,2022-01-15,122.0,21558000.0
212,2022-02-13,1,3712000,17,2022-01-16,154.0,27986000.0
213,2022-02-13,2,11570000,55,2022-01-16,154.0,27986000.0
214,2022-02-14,1,1503000,9,2022-01-17,104.0,14951000.0
215,2022-02-14,2,6721000,40,2022-01-17,104.0,14951000.0
216,2022-02-15,1,2829000,17,2022-01-18,112.0,17268000.0
217,2022-02-15,2,5350000,37,2022-01-18,112.0,17268000.0
218,2022-02-16,1,3352000,23,2022-01-19,120.0,21215000.0
219,2022-02-16,2,4321000,29,2022-01-19,120.0,21215000.0
220,2022-02-17,1,3316000,18,2022-01-20,116.0,16220000.0
221,2022-02-17,2,6838000,32,2022-01-20,116.0,16220000.0
222,2022-02-18,1,2481000,20,2022-01-21,88.0,13864000.0
223,2022-02-18,2,4727000,29,2022-01-21,88.0,13864000.0
224,2022-02-19,1,2843000,23,2022-01-22,156.0,25705000.0
225,2022-02-19,2,4791000,32,2022-01-22,156.0,25705000.0
226,2022-02-20,1,2729000,14,2022-01-23,136.0,23345000.0
227,2022-02-20,2,6376000,39,2022-01-23,136.0,23345000.0
228,2022-02-21,1,2575000,21,2022-01-24,106.0,17778000.0
229,2022-02-21,2,5805000,38,2022-01-24,106.0,17778000.0
230,2022-02-22,1,3779500,20,2022-01-25,96.0,18868000.0
231,2022-02-22,2,4084000,29,2022-01-25,96.0,18868000.0
232,2022-02-23,1,4095000,24,2022-01-26,126.0,21424000.0
233,2022-02-23,2,3931000,21,2022-01-26,126.0,21424000.0
234,2022-02-24,1,2869000,16,2022-01-27,122.0,21134000.0
235,2022-02-24,2,4912000,29,2022-01-27,122.0,21134000.0
236,2022-02-25,1,2319000,14,2022-01-28,100.0,16586000.0
237,2022-02-25,2,6376000,41,2022-01-28,100.0,16586000.0
238,2022-02-26,1,3888000,23,2022-01-29,140.0,27104000.0
239,2022-02-26,2,6860000,44,2022-01-29,140.0,27104000.0
240,2022-02-27,1,2635000,17,2022-01-30,140.0,26204000.0
241,2022-02-27,2,10782500,61,2022-01-30,140.0,26204000.0
242,2022-02-28,1,3204500,21,2022-01-31,140.0,28140000.0
243,2022-02-28,2,8707500,50,2022-01-31,140.0,28140000.0
244,2022-03-01,1,2092000,17,2022-02-01,118.0,19634000.0
245,2022-03-01,2,5086000,34,2022-02-01,118.0,19634000.0
246,2022-03-02,1,3294500,24,2022-02-02,96.0,17880000.0
247,2022-03-02,2,7136000,39,2022-02-02,96.0,17880000.0
248,2022-03-03,1,4134000,20,2022-02-03,122.0,16678000.0
249,2022-03-03,2,9316000,49,2022-02-03,122.0,16678000.0
250,2022-03-04,1,2791000,20,2022-02-04,110.0,14613000.0
251,2022-03-04,2,6125000,43,2022-02-04,110.0,14613000.0
252,2022-03-05,1,4161000,31,2022-02-05,122.0,20919000.0
253,2022-03-05,2,6496500,41,2022-02-05,122.0,20919000.0
254,2022-03-06,1,3392000,21,2022-02-06,130.0,23042000.0
255,2022-03-06,2,7519000,45,2022-02-06,130.0,23042000.0
256,2022-03-07,1,2750000,14,2022-02-07,108.0,18432000.0
257,2022-03-07,2,3772000,25,2022-02-07,108.0,18432000.0
258,2022-03-08,1,4183000,26,2022-02-08,98.0,15471000.0
259,2022-03-08,2,6138000,33,2022-02-08,98.0,15471000.0
260,2022-03-09,1,2058000,16,2022-02-09,128.0,20858000.0
261,2022-03-09,2,4553000,29,2022-02-09,128.0,20858000.0
262,2022-03-10,1,1831000,12,2022-02-10,104.0,20610000.0
263,2022-03-10,2,5671000,35,2022-02-10,104.0,20610000.0
264,2022-03-11,1,2512000,14,2022-02-11,134.0,20648000.0
265,2022-03-11,2,6209000,33,2022-02-11,134.0,20648000.0
266,2022-03-12,1,3261000,26,2022-02-12,134.0,21490000.0
267,2022-03-12,2,7790000,47,2022-02-12,134.0,21490000.0
268,2022-03-13,1,4086000,20,2022-02-13,144.0,30564000.0
269,2022-03-13,2,4386000,28,2022-02-13,144.0,30564000.0
270,2022-03-14,1,2633000,13,2022-02-14,98.0,16448000.0
271,2022-03-14,2,6081000,37,2022-02-14,98.0,16448000.0
272,2022-03-15,1,1392000,12,2022-02-15,108.0,16358000.0
273,2022-03-15,2,4900000,24,2022-02-15,108.0,16358000.0
274,2022-03-16,1,4001000,24,2022-02-16,104.0,15346000.0
275,2022-03-16,2,7349500,42,2022-02-16,104.0,15346000.0
276,2022-03-17,1,4004000,22,2022-02-17,100.0,20308000.0
277,2022-03-17,2,4576000,30,2022-02-17,100.0,20308000.0
278,2022-03-18,1,4889000,32,2022-02-18,98.0,14416000.0
279,2022-03-18,2,6468000,42,2022-02-18,98.0,14416000.0
280,2022-03-19,1,4699000,26,2022-02-19,110.0,15268000.0
281,2022-03-19,2,6884000,44,2022-02-19,110.0,15268000.0
282,2022-03-20,1,3427000,17,2022-02-20,106.0,18210000.0
283,2022-03-20,2,5192000,30,2022-02-20,106.0,18210000.0
284,2022-03-21,1,2096000,15,2022-02-21,118.0,16760000.0
285,2022-03-21,2,5676000,34,2022-02-21,118.0,16760000.0
286,2022-03-22,1,3889000,13,2022-02-22,98.0,15727000.0
287,2022-03-22,2,7087000,40,2022-02-22,98.0,15727000.0
288,2022-03-23,1,2466000,16,2022-02-23,90.0,16052000.0
289,2022-03-23,2,7608000,42,2022-02-23,90.0,16052000.0
290,2022-03-24,1,3116000,20,2022-02-24,90.0,15562000.0
291,2022-03-24,2,5712000,29,2022-02-24,90.0,15562000.0
292,2022-03-25,1,3503000,23,2022-02-25,110.0,17390000.0
293,2022-03-25,2,7041500,36,2022-02-25,110.0,17390000.0
294,2022-03-26,1,4507000,28,2022-02-26,134.0,21496000.0
295,2022-03-26,2,9751000,51,2022-02-26,134.0,21496000.0
296,2022-03-27,1,4585000,24,2022-02-27,156.0,26835000.0
297,2022-03-27,2,10517000,48,2022-02-27,156.0,26835000.0
298,2022-03-28,1,2631000,19,2022-02-28,142.0,23824000.0
299,2022-03-28,2,6423000,39,2022-02-28,142.0,23824000.0
300,2022-03-29,1,4530000,23,2022-03-01,102.0,14356000.0
301,2022-03-29,2,8669000,47,2022-03-01,102.0,14356000.0
302,2022-03-30,1,2464000,16,2022-03-02,126.0,20861000.0
303,2022-03-30,2,6351000,44,2022-03-02,126.0,20861000.0
304,2022-03-31,1,5198000,27,2022-03-03,138.0,26900000.0
305,2022-03-31,2,6139000,38,2022-03-03,138.0,26900000.0
306,2022-04-01,1,3045000,19,2022-03-04,126.0,17832000.0
307,2022-04-01,2,7791000,43,2022-03-04,126.0,17832000.0
308,2022-04-02,1,3532000,23,2022-03-05,144.0,21315000.0
309,2022-04-02,2,11638000,57,2022-03-05,144.0,21315000.0
310,2022-04-03,1,456000,4,2022-03-06,132.0,21822000.0
311,2022-04-03,2,5463000,36,2022-03-06,132.0,21822000.0
312,2022-04-04,1,842000,7,2022-03-07,78.0,13044000.0
313,2022-04-04,2,3541000,29,2022-03-07,78.0,13044000.0
314,2022-04-05,1,1331000,13,2022-03-08,118.0,20642000.0
315,2022-04-05,2,4051000,32,2022-03-08,118.0,20642000.0
316,2022-04-06,1,685000,6,2022-03-09,90.0,13222000.0
317,2022-04-06,2,4148000,32,2022-03-09,90.0,13222000.0
318,2022-04-07,1,877000,10,2022-03-10,94.0,15004000.0
319,2022-04-07,2,4239000,24,2022-03-10,94.0,15004000.0
320,2022-04-08,1,980000,7,2022-03-11,94.0,17442000.0
321,2022-04-08,2,6114000,34,2022-03-11,94.0,17442000.0
322,2022-04-09,1,647000,7,2022-03-12,146.0,22102000.0
323,2022-04-09,2,3969000,30,2022-03-12,146.0,22102000.0
324,2022-04-10,1,500000,4,2022-03-13,96.0,16944000.0
325,2022-04-10,2,9242000,48,2022-03-13,96.0,16944000.0
326,2022-04-11,1,606000,9,2022-03-14,100.0,17428000.0
327,2022-04-11,2,4556000,30,2022-03-14,100.0,17428000.0
328,2022-04-12,1,511000,5,2022-03-15,72.0,12584000.0
329,2022-04-12,2,2677000,23,2022-03-15,72.0,12584000.0
330,2022-04-13,1,767500,7,2022-03-16,132.0,22701000.0
331,2022-04-13,2,2395000,18,2022-03-16,132.0,22701000.0
332,2022-04-14,1,1491000,9,2022-03-17,104.0,17160000.0
333,2022-04-14,2,2659000,20,2022-03-17,104.0,17160000.0
334,2022-04-15,1,794000,7,2022-03-18,148.0,22714000.0
335,2022-04-15,2,6094000,36,2022-03-18,148.0,22714000.0
336,2022-04-16,1,1025000,9,2022-03-19,140.0,23166000.0
337,2022-04-16,2,5748000,38,2022-03-19,140.0,23166000.0
338,2022-04-17,1,1320500,9,2022-03-20,94.0,17238000.0
339,2022-04-17,2,7984000,42,2022-03-20,94.0,17238000.0
340,2022-04-18,1,1462000,11,2022-03-21,98.0,15544000.0
341,2022-04-18,2,2893000,23,2022-03-21,98.0,15544000.0
342,2022-04-19,1,528000,5,2022-03-22,106.0,21952000.0
343,2022-04-19,2,2919500,19,2022-03-22,106.0,21952000.0
344,2022-04-20,1,1147000,10,2022-03-23,116.0,20148000.0
345,2022-04-20,2,5255000,33,2022-03-23,116.0,20148000.0
346,2022-04-21,1,872000,8,2022-03-24,98.0,17656000.0
347,2022-04-21,2,5107000,34,2022-03-24,98.0,17656000.0
348,2022-04-22,1,725000,6,2022-03-25,118.0,21089000.0
349,2022-04-22,2,5478000,38,2022-03-25,118.0,21089000.0
350,2022-04-23,1,1819000,12,2022-03-26,158.0,28516000.0
351,2022-04-23,2,8242500,49,2022-03-26,158.0,28516000.0
352,2022-04-24,1,888000,7,2022-03-27,144.0,30204000.0
353,2022-04-24,2,8037000,48,2022-03-27,144.0,30204000.0
354,2022-04-25,1,1237000,10,2022-03-28,116.0,18108000.0
355,2022-04-25,2,7825000,41,2022-03-28,116.0,18108000.0
356,2022-04-26,1,567000,6,2022-03-29,140.0,26398000.0
357,2022-04-26,2,4721000,36,2022-03-29,140.0,26398000.0
358,2022-04-27,1,1943000,14,2022-03-30,120.0,17630000.0
359,2022-04-27,2,4395500,25,2022-03-30,120.0,17630000.0
360,2022-04-28,1,1102000,9,2022-03-31,130.0,22674000.0
361,2022-04-28,2,11501500,56,2022-03-31,130.0,22674000.0
362,2022-04-29,1,2125000,16,2022-04-01,124.0,21672000.0
363,2022-04-29,2,11598500,61,2022-04-01,124.0,21672000.0
364,2022-04-30,1,1488000,8,2022-04-02,160.0,30340000.0
365,2022-04-30,2,12838000,55,2022-04-02,160.0,30340000.0
366,2022-05-01,1,2152000,12,2022-04-03,80.0,11838000.0
367,2022-05-01,2,10235000,38,2022-04-03,80.0,11838000.0
368,2022-05-03,1,9843000,41,2022-04-05,90.0,10764000.0
369,2022-05-03,2,24570000,88,2022-04-05,90.0,10764000.0
370,2022-05-04,1,8968000,40,2022-04-06,76.0,9666000.0
371,2022-05-04,2,17880000,69,2022-04-06,76.0,9666000.0
372,2022-05-05,1,7827000,30,2022-04-07,68.0,10232000.0
373,2022-05-05,2,18650000,60,2022-04-07,68.0,10232000.0
374,2022-05-06,1,5226000,24,2022-04-08,82.0,14188000.0
375,2022-05-06,2,13552000,58,2022-04-08,82.0,14188000.0
376,2022-05-07,1,5934000,25,2022-04-09,74.0,9232000.0
377,2022-05-07,2,14246000,60,2022-04-09,74.0,9232000.0
378,2022-05-08,1,6629000,30,2022-04-10,104.0,19484000.0
379,2022-05-08,2,12499000,54,2022-04-10,104.0,19484000.0
380,2022-05-09,1,3011000,23,2022-04-11,78.0,10324000.0
381,2022-05-09,2,6726000,42,2022-04-11,78.0,10324000.0
382,2022-05-10,1,2795000,19,2022-04-12,56.0,6376000.0
383,2022-05-10,2,8064000,44,2022-04-12,56.0,6376000.0
384,2022-05-11,1,5519000,24,2022-04-13,50.0,6325000.0
385,2022-05-11,2,5917000,36,2022-04-13,50.0,6325000.0
386,2022-05-12,1,3480000,22,2022-04-14,58.0,8300000.0
387,2022-05-12,2,6356000,36,2022-04-14,58.0,8300000.0
388,2022-05-13,1,3019000,27,2022-04-15,86.0,13776000.0
389,2022-05-13,2,5389000,37,2022-04-15,86.0,13776000.0
390,2022-05-14,1,3839000,22,2022-04-16,94.0,13546000.0
391,2022-05-14,2,9195000,56,2022-04-16,94.0,13546000.0
392,2022-05-15,1,4448000,26,2022-04-17,102.0,18609000.0
393,2022-05-15,2,9589000,57,2022-04-17,102.0,18609000.0
394,2022-05-16,1,4112000,24,2022-04-18,68.0,8710000.0
395,2022-05-16,2,8752000,46,2022-04-18,68.0,8710000.0
396,2022-05-17,1,2780000,14,2022-04-19,48.0,6895000.0
397,2022-05-17,2,8543000,47,2022-04-19,48.0,6895000.0
398,2022-05-18,1,2898000,21,2022-04-20,86.0,12804000.0
399,2022-05-18,2,8194000,44,2022-04-20,86.0,12804000.0
400,2022-05-19,1,5104000,31,2022-04-21,84.0,11958000.0
401,2022-05-19,2,6667000,34,2022-04-21,84.0,11958000.0
402,2022-05-20,1,4275000,26,2022-04-22,88.0,12406000.0
403,2022-05-20,2,8038000,48,2022-04-22,88.0,12406000.0
404,2022-05-21,1,5020000,30,2022-04-23,122.0,20123000.0
405,2022-05-21,2,7581500,41,2022-04-23,122.0,20123000.0
406,2022-05-22,1,4668000,24,2022-04-24,110.0,17850000.0
407,2022-05-22,2,10112000,51,2022-04-24,110.0,17850000.0
408,2022-05-23,1,4917000,21,2022-04-25,102.0,18124000.0
409,2022-05-23,2,6065000,37,2022-04-25,102.0,18124000.0
410,2022-05-24,1,3204000,18,2022-04-26,84.0,10576000.0
411,2022-05-24,2,5434500,38,2022-04-26,84.0,10576000.0
412,2022-05-25,1,3833000,26,2022-04-27,78.0,12677000.0
413,2022-05-25,2,8740000,52,2022-04-27,78.0,12677000.0
414,2022-05-26,1,2297000,14,2022-04-28,130.0,25207000.0
415,2022-05-26,2,8824000,44,2022-04-28,130.0,25207000.0
416,2022-05-27,1,3004000,18,2022-04-29,154.0,27447000.0
417,2022-05-27,2,7942000,49,2022-04-29,154.0,27447000.0
418,2022-05-28,1,4405000,26,2022-04-30,126.0,28652000.0
419,2022-05-28,2,6765000,38,2022-04-30,126.0,28652000.0
420,2022-05-29,1,5505000,27,2022-05-01,100.0,24774000.0
421,2022-05-29,2,9038000,47,2022-05-01,100.0,24774000.0
422,2022-05-30,1,3110000,16,2022-05-02,,
423,2022-05-30,2,6749000,39,2022-05-02,,
424,2022-05-31,1,3209000,14,2022-05-03,258.0,68826000.0
425,2022-05-31,2,7106000,47,2022-05-03,258.0,68826000.0
426,2022-06-01,1,3250000,16,2022-05-04,218.0,53696000.0
427,2022-06-01,2,8375000,50,2022-05-04,218.0,53696000.0
428,2022-06-02,1,2215000,20,2022-05-05,180.0,52954000.0
429,2022-06-02,2,4576000,26,2022-05-05,180.0,52954000.0
430,2022-06-03,1,2790000,21,2022-05-06,164.0,37556000.0
431,2022-06-03,2,5143000,36,2022-05-06,164.0,37556000.0
432,2022-06-04,1,4984000,30,2022-05-07,170.0,40360000.0
433,2022-06-04,2,9421000,52,2022-05-07,170.0,40360000.0
434,2022-06-05,1,4890000,24,2022-05-08,168.0,38256000.0
435,2022-06-05,2,8018500,45,2022-05-08,168.0,38256000.0
436,2022-06-06,1,1940000,12,2022-05-09,130.0,19474000.0
437,2022-06-06,2,5013000,29,2022-05-09,130.0,19474000.0
438,2022-06-07,1,2640000,14,2022-05-10,126.0,21718000.0
439,2022-06-07,2,7206500,42,2022-05-10,126.0,21718000.0
440,2022-06-08,1,2862000,16,2022-05-11,120.0,22872000.0
441,2022-06-08,2,6356000,36,2022-05-11,120.0,22872000.0
442,2022-06-09,1,1558000,11,2022-05-12,116.0,19672000.0
443,2022-06-09,2,4567000,32,2022-05-12,116.0,19672000.0
444,2022-06-10,1,3286000,23,2022-05-13,128.0,16816000.0
445,2022-06-10,2,7269000,44,2022-05-13,128.0,16816000.0
446,2022-06-11,1,4146000,24,2022-05-14,156.0,26068000.0
447,2022-06-11,2,6244000,39,2022-05-14,156.0,26068000.0
448,2022-06-12,1,3311000,21,2022-05-15,166.0,28074000.0
449,2022-06-12,2,9880000,51,2022-05-15,166.0,28074000.0
450,2022-06-13,1,2462000,19,2022-05-16,140.0,25728000.0
451,2022-06-13,2,6137000,36,2022-05-16,140.0,25728000.0
452,2022-06-14,1,2542000,15,2022-05-17,122.0,22646000.0
453,2022-06-14,2,6639500,37,2022-05-17,122.0,22646000.0
454,2022-06-15,1,3728000,21,2022-05-18,130.0,22184000.0
455,2022-06-15,2,4981000,30,2022-05-18,130.0,22184000.0
456,2022-06-16,1,3026000,19,2022-05-19,130.0,23542000.0
457,2022-06-16,2,6642000,40,2022-05-19,130.0,23542000.0
458,2022-06-17,1,2390000,14,2022-05-20,148.0,24626000.0
459,2022-06-17,2,6988500,37,2022-05-20,148.0,24626000.0
460,2022-06-18,1,2189000,15,2022-05-21,142.0,25203000.0
461,2022-06-18,2,7632000,44,2022-05-21,142.0,25203000.0
462,2022-06-19,1,3216000,18,2022-05-22,150.0,29560000.0
463,2022-06-19,2,8105000,46,2022-05-22,150.0,29560000.0
464,2022-06-20,1,2833000,14,2022-05-23,116.0,21964000.0
465,2022-06-20,2,5345000,26,2022-05-23,116.0,21964000.0
466,2022-06-21,1,2267000,15,2022-05-24,112.0,17277000.0
467,2022-06-21,2,6912000,39,2022-05-24,112.0,17277000.0
468,2022-06-22,1,3351500,17,2022-05-25,156.0,25146000.0
469,2022-06-22,2,5563000,39,2022-05-25,156.0,25146000.0
470,2022-06-23,1,2598000,18,2022-05-26,116.0,22242000.0
471,2022-06-23,2,10744000,69,2022-05-26,116.0,22242000.0
472,2022-06-24,1,2310500,15,2022-05-27,134.0,21892000.0
473,2022-06-24,2,6883000,35,2022-05-27,134.0,21892000.0
474,2022-06-25,1,2843000,17,2022-05-28,128.0,22340000.0
475,2022-06-25,2,9485500,48,2022-05-28,128.0,22340000.0
476,2022-06-26,1,5135000,28,2022-05-29,148.0,29086000.0
477,2022-06-26,2,8830500,43,2022-05-29,148.0,29086000.0
478,2022-06-27,1,1610000,10,2022-05-30,110.0,19718000.0
479,2022-06-27,2,6152000,35,2022-05-30,110.0,19718000.0
480,2022-06-28,1,1891000,9,2022-05-31,122.0,20630000.0
481,2022-06-28,2,6862000,42,2022-05-31,122.0,20630000.0
482,2022-06-29,1,4614000,23,2022-06-01,132.0,23250000.0
483,2022-06-29,2,5915000,35,2022-06-01,132.0,23250000.0
484,2022-06-30,1,4046000,23,2022-06-02,92.0,13582000.0
485,2022-06-30,2,6580500,40,2022-06-02,92.0,13582000.0
486,2022-07-01,1,3105000,17,2022-06-03,114.0,15866000.0
487,2022-07-01,2,7909000,43,2022-06-03,114.0,15866000.0
488,2022-07-02,1,3032000,20,2022-06-04,164.0,28810000.0
489,2022-07-02,2,10254000,59,2022-06-04,164.0,28810000.0
490,2022-07-03,1,4208500,25,2022-06-05,138.0,25817000.0
491,2022-07-03,2,10581500,60,2022-06-05,138.0,25817000.0
492,2022-07-04,1,3712500,23,2022-06-06,82.0,13906000.0
493,2022-07-04,2,10056000,53,2022-06-06,82.0,13906000.0
494,2022-07-05,1,4234000,21,2022-06-07,112.0,19693000.0
495,2022-07-05,2,6051000,43,2022-06-07,112.0,19693000.0
496,2022-07-06,1,4422000,28,2022-06-08,104.0,18436000.0
497,2022-07-06,2,9510000,52,2022-06-08,104.0,18436000.0
498,2022-07-07,1,5009000,22,2022-06-09,86.0,12250000.0
499,2022-07-07,2,9935000,55,2022-06-09,86.0,12250000.0
500,2022-07-08,1,2520000,18,2022-06-10,134.0,21110000.0
501,2022-07-08,2,8036000,47,2022-06-10,134.0,21110000.0
502,2022-07-09,1,1811000,12,2022-06-11,126.0,20780000.0
503,2022-07-09,2,6419500,41,2022-06-11,126.0,20780000.0
504,2022-07-13,1,3924000,17,2022-06-15,102.0,17418000.0
505,2022-07-13,2,7710000,41,2022-06-15,102.0,17418000.0
506,2022-07-14,1,782000,6,2022-06-16,118.0,19336000.0
507,2022-07-14,2,5975000,36,2022-06-16,118.0,19336000.0
508,2022-07-15,1,2385000,14,2022-06-17,102.0,18757000.0
509,2022-07-15,2,4869000,26,2022-06-17,102.0,18757000.0
510,2022-07-16,1,2012000,9,2022-06-18,118.0,19642000.0
511,2022-07-16,2,3839000,24,2022-06-18,118.0,19642000.0
512,2022-07-17,1,3324000,20,2022-06-19,128.0,22642000.0
513,2022-07-17,2,4353000,26,2022-06-19,128.0,22642000.0
514,2022-07-18,1,1743000,9,2022-06-20,80.0,16356000.0
515,2022-07-18,2,5993000,32,2022-06-20,80.0,16356000.0
516,2022-07-19,1,3339000,16,2022-06-21,108.0,18358000.0
517,2022-07-19,2,4798000,30,2022-06-21,108.0,18358000.0
518,2022-07-20,1,1766000,8,2022-06-22,112.0,17829000.0
519,2022-07-20,2,4634000,30,2022-06-22,112.0,17829000.0
520,2022-07-21,1,1958000,10,2022-06-23,174.0,26684000.0
521,2022-07-21,2,6005000,35,2022-06-23,174.0,26684000.0
522,2022-07-22,1,2938000,15,2022-06-24,100.0,18387000.0
523,2022-07-22,2,5250000,33,2022-06-24,100.0,18387000.0
524,2022-07-23,1,2669000,11,2022-06-25,130.0,24657000.0
525,2022-07-23,2,7647000,48,2022-06-25,130.0,24657000.0
526,2022-07-24,1,2795000,14,2022-06-26,142.0,27931000.0
527,2022-07-24,2,6889000,40,2022-06-26,142.0,27931000.0
528,2022-07-25,1,3062500,18,2022-06-27,90.0,15524000.0
529,2022-07-25,2,4916500,31,2022-06-27,90.0,15524000.0
530,2022-07-26,1,2656000,15,2022-06-28,102.0,17506000.0
531,2022-07-26,2,4031000,28,2022-06-28,102.0,17506000.0
532,2022-07-27,1,1841000,10,2022-06-29,116.0,21058000.0
533,2022-07-27,2,5286000,29,2022-06-29,116.0,21058000.0
534,2022-07-28,1,2149500,14,2022-06-30,126.0,21253000.0
535,2022-07-28,2,5612500,34,2022-06-30,126.0,21253000.0
536,2022-07-29,1,2392000,15,2022-07-01,120.0,22028000.0
537,2022-07-29,2,6778000,36,2022-07-01,120.0,22028000.0
538,2022-07-30,1,2202000,10,2022-07-02,158.0,26572000.0
539,2022-07-30,2,9489000,55,2022-07-02,158.0,26572000.0
540,2022-07-31,1,3996000,23,2022-07-03,170.0,29580000.0
541,2022-07-31,2,5026000,34,2022-07-03,170.0,29580000.0
542,2022-08-01,1,2932000,23,2022-07-04,152.0,27537000.0
543,2022-08-01,2,4559000,22,2022-07-04,152.0,27537000.0
544,2022-08-02,1,1564000,11,2022-07-05,128.0,20570000.0
545,2022-08-02,2,4769000,25,2022-07-05,128.0,20570000.0
546,2022-08-03,1,2746000,16,2022-07-06,160.0,27864000.0
547,2022-08-03,2,4832500,29,2022-07-06,160.0,27864000.0
548,2022-08-04,1,2689000,12,2022-07-07,154.0,29888000.0
549,2022-08-04,2,4021000,24,2022-07-07,154.0,29888000.0
550,2022-08-05,1,1771000,12,2022-07-08,130.0,21112000.0
551,2022-08-05,2,5225000,34,2022-07-08,130.0,21112000.0
552,2022-08-06,1,4091000,18,2022-07-09,106.0,16461000.0
553,2022-08-06,2,8228000,42,2022-07-09,106.0,16461000.0
554,2022-08-07,1,3563500,22,2022-07-10,,
555,2022-08-07,2,8728000,44,2022-07-10,,
556,2022-08-08,1,1215000,10,2022-07-11,,
557,2022-08-08,2,3040000,23,2022-07-11,,
558,2022-08-09,1,2759000,18,2022-07-12,,
559,2022-08-09,2,5551500,32,2022-07-12,,
560,2022-08-10,1,4949000,27,2022-07-13,116.0,23268000.0
561,2022-08-10,2,4161000,28,2022-07-13,116.0,23268000.0
562,2022-08-11,1,4145000,20,2022-07-14,84.0,13514000.0
563,2022-08-11,2,3830000,26,2022-07-14,84.0,13514000.0
564,2022-08-12,1,1766000,13,2022-07-15,80.0,14508000.0
565,2022-08-12,2,6875000,43,2022-07-15,80.0,14508000.0
566,2022-08-13,1,3083000,17,2022-07-16,66.0,11702000.0
567,2022-08-13,2,5103500,34,2022-07-16,66.0,11702000.0
568,2022-08-14,1,1518000,9,2022-07-17,92.0,15354000.0
569,2022-08-14,2,8005000,51,2022-07-17,92.0,15354000.0
570,2022-08-15,1,2565000,17,2022-07-18,82.0,15472000.0
571,2022-08-15,2,3336500,23,2022-07-18,82.0,15472000.0
572,2022-08-16,1,1843000,17,2022-07-19,92.0,16274000.0
573,2022-08-16,2,3056000,23,2022-07-19,92.0,16274000.0
574,2022-08-17,1,2445000,13,2022-07-20,76.0,12800000.0
575,2022-08-17,2,5986500,26,2022-07-20,76.0,12800000.0
576,2022-08-18,1,3154000,19,2022-07-21,90.0,15926000.0
577,2022-08-18,2,5205500,30,2022-07-21,90.0,15926000.0
578,2022-08-19,1,2465000,16,2022-07-22,96.0,16376000.0
579,2022-08-19,2,6695500,43,2022-07-22,96.0,16376000.0
580,2022-08-20,1,2854000,17,2022-07-23,118.0,20632000.0
581,2022-08-20,2,5894000,34,2022-07-23,118.0,20632000.0
582,2022-08-21,1,5149000,24,2022-07-24,108.0,19368000.0
583,2022-08-21,2,7066000,39,2022-07-24,108.0,19368000.0
584,2022-08-22,1,1907000,14,2022-07-25,98.0,15958000.0
585,2022-08-22,2,4817000,33,2022-07-25,98.0,15958000.0
586,2022-08-23,1,3357500,20,2022-07-26,86.0,13374000.0
587,2022-08-23,2,3922000,30,2022-07-26,86.0,13374000.0
588,2022-08-24,1,2526500,15,2022-07-27,78.0,14254000.0
589,2022-08-24,2,4995000,25,2022-07-27,78.0,14254000.0
590,2022-08-25,1,2184000,12,2022-07-28,96.0,15524000.0
591,2022-08-25,2,4966000,28,2022-07-28,96.0,15524000.0
592,2022-08-26,1,2629000,16,2022-07-29,102.0,18340000.0
593,2022-08-26,2,4422000,31,2022-07-29,102.0,18340000.0
594,2022-08-27,1,2056500,14,2022-07-30,130.0,23382000.0
595,2022-08-27,2,7983500,47,2022-07-30,130.0,23382000.0
596,2022-08-28,1,3313500,19,2022-07-31,114.0,18044000.0
597,2022-08-28,2,6966000,43,2022-07-31,114.0,18044000.0
598,2022-08-29,1,3488000,15,2022-08-01,90.0,14982000.0
599,2022-08-29,2,5246000,33,2022-08-01,90.0,14982000.0
600,2022-08-30,1,1762500,14,2022-08-02,72.0,12666000.0
601,2022-08-30,2,4931500,38,2022-08-02,72.0,12666000.0
602,2022-08-31,1,2504000,15,2022-08-03,90.0,15157000.0
603,2022-08-31,2,3921000,23,2022-08-03,90.0,15157000.0
604,2022-09-01,1,2267000,15,2022-08-04,72.0,13420000.0
605,2022-09-01,2,4520000,29,2022-08-04,72.0,13420000.0
606,2022-09-02,1,3027500,18,2022-08-05,92.0,13992000.0
607,2022-09-02,2,4896000,31,2022-08-05,92.0,13992000.0
608,2022-09-03,1,3794000,21,2022-08-06,120.0,24638000.0
609,2022-09-03,2,5632500,34,2022-08-06,120.0,24638000.0
610,2022-09-04,1,3790500,22,2022-08-07,132.0,24583000.0
611,2022-09-04,2,6443000,36,2022-08-07,132.0,24583000.0
612,2022-09-05,1,1602000,10,2022-08-08,66.0,8510000.0
613,2022-09-05,2,3454000,22,2022-08-08,66.0,8510000.0
614,2022-09-06,1,2719000,14,2022-08-09,100.0,16621000.0
615,2022-09-06,2,4196000,25,2022-08-09,100.0,16621000.0
616,2022-09-07,1,3621500,23,2022-08-10,110.0,18220000.0
617,2022-09-07,2,5655000,32,2022-08-10,110.0,18220000.0
618,2022-09-08,1,2301000,16,2022-08-11,92.0,15950000.0
619,2022-09-08,2,7425000,41,2022-08-11,92.0,15950000.0
620,2022-09-09,1,3747500,20,2022-08-12,112.0,17282000.0
621,2022-09-09,2,6280000,38,2022-08-12,112.0,17282000.0
622,2022-09-10,1,2116000,14,2022-08-13,102.0,16373000.0
623,2022-09-10,2,7888500,44,2022-08-13,102.0,16373000.0
624,2022-09-11,1,2360000,14,2022-08-14,120.0,19046000.0
625,2022-09-11,2,6907000,42,2022-08-14,120.0,19046000.0
626,2022-09-12,1,1755000,11,2022-08-15,80.0,11803000.0
627,2022-09-12,2,5050500,30,2022-08-15,80.0,11803000.0
628,2022-09-13,1,3220500,16,2022-08-16,80.0,9798000.0
629,2022-09-13,2,4145500,27,2022-08-16,80.0,9798000.0
630,2022-09-14,1,1646000,12,2022-08-17,78.0,16863000.0
631,2022-09-14,2,4386000,31,2022-08-17,78.0,16863000.0
632,2022-09-15,1,2924000,12,2022-08-18,98.0,16719000.0
633,2022-09-15,2,5182500,31,2022-08-18,98.0,16719000.0
634,2022-09-16,1,2795000,21,2022-08-19,118.0,18321000.0
635,2022-09-16,2,6727000,40,2022-08-19,118.0,18321000.0
636,2022-09-17,1,3042000,19,2022-08-20,102.0,17496000.0
637,2022-09-17,2,4109000,27,2022-08-20,102.0,17496000.0
638,2022-09-18,1,2366000,13,2022-08-21,126.0,24430000.0
639,2022-09-18,2,7327000,40,2022-08-21,126.0,24430000.0
640,2022-09-19,1,2256000,15,2022-08-22,94.0,13448000.0
641,2022-09-19,2,5630000,29,2022-08-22,94.0,13448000.0
642,2022-09-20,1,3481000,15,2022-08-23,100.0,14559000.0
643,2022-09-20,2,2856000,21,2022-08-23,100.0,14559000.0
644,2022-09-21,1,1444000,13,2022-08-24,80.0,15043000.0
645,2022-09-21,2,3863500,23,2022-08-24,80.0,15043000.0
646,2022-09-22,1,2975000,16,2022-08-25,80.0,14300000.0
647,2022-09-22,2,5391000,31,2022-08-25,80.0,14300000.0
648,2022-09-23,1,3005500,19,2022-08-26,94.0,14102000.0
649,2022-09-23,2,5240000,35,2022-08-26,94.0,14102000.0
650,2022-09-24,1,2796000,18,2022-08-27,122.0,20080000.0
651,2022-09-24,2,6351000,39,2022-08-27,122.0,20080000.0
652,2022-09-25,1,4077000,18,2022-08-28,124.0,20559000.0
653,2022-09-25,2,6502000,44,2022-08-28,124.0,20559000.0
654,2022-09-26,1,3249000,14,2022-08-29,96.0,17468000.0
655,2022-09-26,2,4107000,27,2022-08-29,96.0,17468000.0
656,2022-09-27,1,3286000,20,2022-08-30,104.0,13388000.0
657,2022-09-27,2,6190000,42,2022-08-30,104.0,13388000.0
658,2022-09-28,1,3517000,18,2022-08-31,76.0,12850000.0
659,2022-09-28,2,3890000,24,2022-08-31,76.0,12850000.0
660,2022-09-29,1,3526000,19,2022-09-01,88.0,13574000.0
661,2022-09-29,2,5640500,28,2022-09-01,88.0,13574000.0
662,2022-09-30,1,2209000,15,2022-09-02,98.0,15847000.0
663,2022-09-30,2,5527000,30,2022-09-02,98.0,15847000.0
664,2022-10-01,1,2891000,15,2022-09-03,110.0,18853000.0
665,2022-10-01,2,6401000,41,2022-09-03,110.0,18853000.0
666,2022-10-02,1,3824500,24,2022-09-04,116.0,20467000.0
667,2022-10-02,2,9333000,48,2022-09-04,116.0,20467000.0
668,2022-10-03,1,2515000,15,2022-09-05,64.0,10112000.0
669,2022-10-03,2,4637000,30,2022-09-05,64.0,10112000.0
670,2022-10-04,1,4076500,21,2022-09-06,78.0,13830000.0
671,2022-10-04,2,3369500,23,2022-09-06,78.0,13830000.0
672,2022-10-05,1,4205000,13,2022-09-07,110.0,18553000.0
673,2022-10-05,2,3865000,22,2022-09-07,110.0,18553000.0
674,2022-10-06,1,4503500,25,2022-09-08,114.0,19452000.0
675,2022-10-06,2,4610500,30,2022-09-08,114.0,19452000.0
676,2022-10-07,1,3713000,21,2022-09-09,116.0,20055000.0
677,2022-10-07,2,6767000,41,2022-09-09,116.0,20055000.0
678,2022-10-08,1,3589000,24,2022-09-10,116.0,20009000.0
679,2022-10-08,2,10325000,53,2022-09-10,116.0,20009000.0
680,2022-10-09,1,3447000,19,2022-09-11,112.0,18534000.0
681,2022-10-09,2,10373500,65,2022-09-11,112.0,18534000.0
682,2022-10-10,1,3205000,16,2022-09-12,82.0,13611000.0
683,2022-10-10,2,2670500,19,2022-09-12,82.0,13611000.0
684,2022-10-11,1,2207000,15,2022-09-13,86.0,14732000.0
685,2022-10-11,2,4414000,25,2022-09-13,86.0,14732000.0
686,2022-10-12,1,3845000,17,2022-09-14,86.0,12064000.0
687,2022-10-12,2,4582250,29,2022-09-14,86.0,12064000.0
688,2022-10-13,1,3601000,17,2022-09-15,86.0,16213000.0
689,2022-10-13,2,4003000,29,2022-09-15,86.0,16213000.0
690,2022-10-14,1,4363000,26,2022-09-16,122.0,19044000.0
691,2022-10-14,2,6099000,39,2022-09-16,122.0,19044000.0
692,2022-10-15,1,4284000,24,2022-09-17,92.0,14302000.0
693,2022-10-15,2,4570000,27,2022-09-17,92.0,14302000.0
694,2022-10-16,1,4408000,23,2022-09-18,106.0,19386000.0
695,2022-10-16,2,10107000,56,2022-09-18,106.0,19386000.0
696,2022-10-17,1,2885000,17,2022-09-19,88.0,15772000.0
697,2022-10-17,2,3186000,22,2022-09-19,88.0,15772000.0
698,2022-10-18,1,3755000,15,2022-09-20,72.0,12674000.0
699,2022-10-18,2,5570250,34,2022-09-20,72.0,12674000.0
700,2022-10-19,1,3416000,20,2022-09-21,72.0,10615000.0
701,2022-10-19,2,5226000,34,2022-09-21,72.0,10615000.0
702,2022-10-20,1,2581000,15,2022-09-22,94.0,16732000.0
703,2022-10-20,2,5089500,36,2022-09-22,94.0,16732000.0
704,2022-10-21,1,4201000,25,2022-09-23,108.0,16491000.0
705,2022-10-21,2,6500000,31,2022-09-23,108.0,16491000.0
706,2022-10-22,1,4828000,31,2022-09-24,114.0,18294000.0
707,2022-10-22,2,6982500,49,2022-09-24,114.0,18294000.0
708,2022-10-23,1,5450000,16,2022-09-25,124.0,21158000.0
709,2022-10-23,2,18292000,37,2022-09-25,124.0,21158000.0
710,2022-10-24,1,9324000,24,2022-09-26,82.0,14712000.0
711,2022-10-24,2,12184000,31,2022-09-26,82.0,14712000.0
712,2022-10-25,1,8428000,23,2022-09-27,124.0,18952000.0
713,2022-10-25,2,10153000,31,2022-09-27,124.0,18952000.0
714,2022-10-26,1,4902000,17,2022-09-28,84.0,14814000.0
715,2022-10-26,2,12116000,34,2022-09-28,84.0,14814000.0
716,2022-10-27,1,3149000,11,2022-09-29,94.0,18333000.0
717,2022-10-27,2,7703000,29,2022-09-29,94.0,18333000.0
718,2022-10-28,1,8392000,22,2022-09-30,90.0,15472000.0
719,2022-10-28,2,13109000,41,2022-09-30,90.0,15472000.0
720,2022-10-29,1,5723000,19,2022-10-01,112.0,18584000.0
721,2022-10-29,2,14340000,40,2022-10-01,112.0,18584000.0
722,2022-10-30,1,5901000,39,2022-10-02,144.0,26315000.0
723,2022-10-30,2,9094250,53,2022-10-02,144.0,26315000.0
724,2022-10-31,1,2639000,19,2022-10-03,90.0,14304000.0
725,2022-10-31,2,5830500,30,2022-10-03,90.0,14304000.0
726,2022-11-01,1,1359500,11,2022-10-04,88.0,14892000.0
727,2022-11-01,2,5832750,37,2022-10-04,88.0,14892000.0
728,2022-11-02,1,2994000,14,2022-10-05,70.0,16140000.0
729,2022-11-02,2,5840000,41,2022-10-05,70.0,16140000.0
730,2022-11-03,1,2132000,13,2022-10-06,110.0,18228000.0
731,2022-11-03,2,7492250,40,2022-10-06,110.0,18228000.0
732,2022-11-04,1,4018250,26,2022-10-07,124.0,20960000.0
733,2022-11-04,2,7061000,47,2022-10-07,124.0,20960000.0
734,2022-11-05,1,5024000,21,2022-10-08,154.0,27828000.0
735,2022-11-05,2,8653000,53,2022-10-08,154.0,27828000.0
736,2022-11-06,1,3709000,20,2022-10-09,168.0,27641000.0
737,2022-11-06,2,10906000,62,2022-10-09,168.0,27641000.0
738,2022-11-07,1,2104000,13,2022-10-10,70.0,11751000.0
739,2022-11-07,2,5620500,35,2022-10-10,70.0,11751000.0
740,2022-11-08,1,3070000,16,2022-10-11,80.0,13242000.0
741,2022-11-08,2,7321000,31,2022-10-11,80.0,13242000.0
742,2022-11-09,1,3063000,23,2022-10-12,92.0,16854500.0
743,2022-11-09,2,6097000,34,2022-10-12,92.0,16854500.0
744,2022-11-10,1,4211000,20,2022-10-13,92.0,15208000.0
745,2022-11-10,2,5170000,31,2022-10-13,92.0,15208000.0
746,2022-11-11,1,3880000,23,2022-10-14,130.0,20924000.0
747,2022-11-11,2,7537000,47,2022-10-14,130.0,20924000.0
748,2022-11-12,1,4636000,26,2022-10-15,102.0,17708000.0
749,2022-11-12,2,4622000,28,2022-10-15,102.0,17708000.0
750,2022-11-13,1,3800000,22,2022-10-16,158.0,29030000.0
751,2022-11-13,2,8702500,51,2022-10-16,158.0,29030000.0
752,2022-11-14,1,4529000,22,2022-10-17,78.0,12142000.0
753,2022-11-14,2,7746000,43,2022-10-17,78.0,12142000.0
754,2022-11-15,1,3118000,17,2022-10-18,98.0,18650500.0
755,2022-11-15,2,7133000,40,2022-10-18,98.0,18650500.0
756,2022-11-16,1,3166000,19,2022-10-19,108.0,17284000.0
757,2022-11-16,2,6743000,37,2022-10-19,108.0,17284000.0
758,2022-11-17,1,2690000,18,2022-10-20,102.0,15341000.0
759,2022-11-17,2,7272000,39,2022-10-20,102.0,15341000.0
760,2022-11-18,1,2396500,17,2022-10-21,112.0,21402000.0
761,2022-11-18,2,7199000,43,2022-10-21,112.0,21402000.0
762,2022-11-19,1,2643000,14,2022-10-22,160.0,23621000.0
763,2022-11-19,2,8953000,55,2022-10-22,160.0,23621000.0
764,2022-11-20,1,4796000,26,2022-10-23,106.0,47484000.0
765,2022-11-20,2,10561250,54,2022-10-23,106.0,47484000.0
766,2022-11-21,1,1733000,12,2022-10-24,110.0,43016000.0
767,2022-11-21,2,8271500,48,2022-10-24,110.0,43016000.0
768,2022-11-22,1,2783000,15,2022-10-25,108.0,37162000.0
769,2022-11-22,2,6253500,34,2022-10-25,108.0,37162000.0
770,2022-11-23,1,2879000,14,2022-10-26,102.0,34036000.0
771,2022-11-23,2,7838000,40,2022-10-26,102.0,34036000.0
772,2022-11-24,1,2608750,15,2022-10-27,80.0,21704000.0
773,2022-11-24,2,4032000,28,2022-10-27,80.0,21704000.0
774,2022-11-25,1,1928500,14,2022-10-28,126.0,43002000.0
775,2022-11-25,2,6994000,39,2022-10-28,126.0,43002000.0
776,2022-11-26,1,1098000,10,2022-10-29,118.0,40126000.0
777,2022-11-26,2,10323500,49,2022-10-29,118.0,40126000.0
778,2022-11-27,1,6896000,37,2022-10-30,184.0,29990500.0
779,2022-11-27,2,7571000,50,2022-10-30,184.0,29990500.0
780,2022-11-28,1,1128000,8,2022-10-31,98.0,16939000.0
781,2022-11-28,2,7288000,39,2022-10-31,98.0,16939000.0
782,2022-11-29,1,4463000,27,2022-11-01,96.0,14384500.0
783,2022-11-29,2,3579500,26,2022-11-01,96.0,14384500.0
784,2022-11-30,1,2625500,15,2022-11-02,110.0,17668000.0
785,2022-11-30,2,5044000,30,2022-11-02,110.0,17668000.0
786,2022-12-01,1,4747250,25,2022-11-03,106.0,19248500.0
787,2022-12-01,2,4656000,33,2022-11-03,106.0,19248500.0
788,2022-12-02,1,5659000,31,2022-11-04,146.0,22158500.0
789,2022-12-02,2,7230000,42,2022-11-04,146.0,22158500.0
790,2022-12-03,1,3562000,20,2022-11-05,148.0,27354000.0
791,2022-12-03,2,7540000,40,2022-11-05,148.0,27354000.0
792,2022-12-04,1,4549000,21,2022-11-06,164.0,29230000.0
793,2022-12-04,2,8309000,47,2022-11-06,164.0,29230000.0
794,2022-12-05,1,2551000,15,2022-11-07,96.0,15449000.0
795,2022-12-05,2,5609000,34,2022-11-07,96.0,15449000.0
796,2022-12-06,1,3685250,21,2022-11-08,94.0,20782000.0
797,2022-12-06,2,6333500,46,2022-11-08,94.0,20782000.0
798,2022-12-07,1,1641000,12,2022-11-09,114.0,18320000.0
799,2022-12-07,2,5964000,34,2022-11-09,114.0,18320000.0
800,2022-12-08,1,4524500,21,2022-11-10,102.0,18762000.0
801,2022-12-08,2,8509000,51,2022-11-10,102.0,18762000.0
802,2022-12-09,1,5187000,22,2022-11-11,140.0,22834000.0
803,2022-12-09,2,7401500,37,2022-11-11,140.0,22834000.0
804,2022-12-10,1,3687500,20,2022-11-12,108.0,18516000.0
805,2022-12-10,2,10698000,68,2022-11-12,108.0,18516000.0
806,2022-12-11,1,4799500,29,2022-11-13,146.0,25005000.0
807,2022-12-11,2,10228000,53,2022-11-13,146.0,25005000.0
808,2022-12-12,1,4013250,21,2022-11-14,130.0,24550000.0
809,2022-12-12,2,5808000,37,2022-11-14,130.0,24550000.0
810,2022-12-13,1,4072000,19,2022-11-15,114.0,20502000.0
811,2022-12-13,2,7682000,38,2022-11-15,114.0,20502000.0
812,2022-12-14,1,2777000,16,2022-11-16,112.0,19818000.0
813,2022-12-14,2,5738000,25,2022-11-16,112.0,19818000.0
814,2022-12-15,1,2314000,15,2022-11-17,114.0,19924000.0
815,2022-12-15,2,5011000,22,2022-11-17,114.0,19924000.0
816,2022-12-16,1,5254000,31,2022-11-18,120.0,19191000.0
817,2022-12-16,2,9204000,51,2022-11-18,120.0,19191000.0
818,2022-12-17,1,3069000,19,2022-11-19,138.0,23192000.0
819,2022-12-17,2,11277000,56,2022-11-19,138.0,23192000.0
820,2022-12-18,1,4033000,22,2022-11-20,160.0,30714500.0
821,2022-12-18,2,11414000,53,2022-11-20,160.0,30714500.0
822,2022-12-19,1,4298000,25,2022-11-21,120.0,20009000.0
823,2022-12-19,2,5944000,39,2022-11-21,120.0,20009000.0
824,2022-12-20,1,3566000,22,2022-11-22,98.0,18073000.0
825,2022-12-20,2,6994500,43,2022-11-22,98.0,18073000.0
826,2022-12-21,1,1588250,11,2022-11-23,108.0,21434000.0
827,2022-12-21,2,8902000,53,2022-11-23,108.0,21434000.0
828,2022-12-22,1,3858000,24,2022-11-24,86.0,13281500.0
829,2022-12-22,2,8633500,45,2022-11-24,86.0,13281500.0
830,2022-12-23,1,6327000,30,2022-11-25,106.0,17845000.0
831,2022-12-23,2,8806000,52,2022-11-25,106.0,17845000.0
832,2022-12-24,1,4854000,26,2022-11-26,118.0,22843000.0
833,2022-12-24,2,12407500,65,2022-11-26,118.0,22843000.0
834,2022-12-25,1,3285000,17,2022-11-27,174.0,28934000.0
835,2022-12-25,2,13634000,66,2022-11-27,174.0,28934000.0
836,2022-12-26,1,3782000,23,2022-11-28,94.0,16832000.0
837,2022-12-26,2,9784000,51,2022-11-28,94.0,16832000.0
838,2022-12-27,1,5401000,29,2022-11-29,106.0,16085000.0
839,2022-12-27,2,8675000,51,2022-11-29,106.0,16085000.0
840,2022-12-28,1,2786500,17,2022-11-30,90.0,15339000.0
841,2022-12-28,2,10320250,52,2022-11-30,90.0,15339000.0
842,2022-12-29,1,4635000,26,2022-12-01,116.0,18806500.0
843,2022-12-29,2,9565000,49,2022-12-01,116.0,18806500.0
844,2022-12-30,1,2028000,10,2022-12-02,146.0,25778000.0
845,2022-12-30,2,11222000,60,2022-12-02,146.0,25778000.0
846,2022-12-31,1,2837000,18,2022-12-03,120.0,22204000.0
847,2022-12-31,2,6755250,40,2022-12-03,120.0,22204000.0
848,2023-01-01,1,5264000,27,2022-12-04,136.0,25716000.0
849,2023-01-01,2,9976000,54,2022-12-04,136.0,25716000.0
850,2023-01-02,1,3110000,16,2022-12-05,98.0,16320000.0
851,2023-01-02,2,8882000,56,2022-12-05,98.0,16320000.0
852,2023-01-03,1,2591000,16,2022-12-06,134.0,20037500.0
853,2023-01-03,2,7766000,40,2022-12-06,134.0,20037500.0
854,2023-01-04,1,3987000,22,2022-12-07,92.0,15210000.0
855,2023-01-04,2,7277000,42,2022-12-07,92.0,15210000.0
856,2023-01-05,1,3421000,24,2022-12-08,144.0,26067000.0
857,2023-01-05,2,5746000,36,2022-12-08,144.0,26067000.0
858,2023-01-06,1,4281000,23,2022-12-09,118.0,25177000.0
859,2023-01-06,2,6061000,40,2022-12-09,118.0,25177000.0
860,2023-01-07,1,3565000,26,2022-12-10,176.0,28771000.0
861,2023-01-07,2,7212500,37,2022-12-10,176.0,28771000.0
862,2023-01-08,1,4337000,25,2022-12-11,164.0,30055000.0
863,2023-01-08,2,9487750,59,2022-12-11,164.0,30055000.0
864,2023-01-09,1,2946000,18,2022-12-12,116.0,19642500.0
865,2023-01-09,2,5767000,33,2022-12-12,116.0,19642500.0
866,2023-01-10,1,3058000,17,2022-12-13,114.0,23508000.0
867,2023-01-10,2,5787000,39,2022-12-13,114.0,23508000.0
868,2023-01-11,1,4492000,26,2022-12-14,82.0,17030000.0
869,2023-01-11,2,5819500,38,2022-12-14,82.0,17030000.0
870,2023-01-12,1,3229000,21,2022-12-15,74.0,14650000.0
871,2023-01-12,2,7416000,36,2022-12-15,74.0,14650000.0
872,2023-01-13,1,5250000,29,2022-12-16,164.0,28916000.0
873,2023-01-13,2,8228500,49,2022-12-16,164.0,28916000.0
874,2023-01-14,1,1948500,12,2022-12-17,150.0,28692000.0
875,2023-01-14,2,6699000,44,2022-12-17,150.0,28692000.0
876,2023-01-15,1,3368000,17,2022-12-18,150.0,30894000.0
877,2023-01-15,2,8658000,45,2022-12-18,150.0,30894000.0
878,2023-01-16,1,3286000,17,2022-12-19,128.0,20484000.0
879,2023-01-16,2,5350000,30,2022-12-19,128.0,20484000.0
880,2023-01-17,1,3195000,16,2022-12-20,130.0,21121000.0
881,2023-01-17,2,6113000,39,2022-12-20,130.0,21121000.0
882,2023-01-18,1,4017000,20,2022-12-21,128.0,20980500.0
883,2023-01-18,2,5743000,35,2022-12-21,128.0,20980500.0
884,2023-01-19,1,2577250,17,2022-12-22,138.0,24983000.0
885,2023-01-19,2,6055000,35,2022-12-22,138.0,24983000.0
886,2023-01-20,1,2379000,17,2022-12-23,164.0,30266000.0
887,2023-01-20,2,7289000,42,2022-12-23,164.0,30266000.0
888,2023-01-21,1,2827000,18,2022-12-24,182.0,34523000.0
889,2023-01-21,2,8195000,43,2022-12-24,182.0,34523000.0
890,2023-01-22,1,3741000,22,2022-12-25,166.0,33838000.0
891,2023-01-22,2,10857000,57,2022-12-25,166.0,33838000.0
892,2023-01-23,1,3602000,22,2022-12-26,148.0,27132000.0
893,2023-01-23,2,9073000,52,2022-12-26,148.0,27132000.0
894,2023-01-24,1,2638000,17,2022-12-27,160.0,28152000.0
895,2023-01-24,2,7463000,45,2022-12-27,160.0,28152000.0
896,2023-01-25,1,3010000,13,2022-12-28,138.0,26213500.0
897,2023-01-25,2,4456000,27,2022-12-28,138.0,26213500.0
898,2023-01-26,1,4363000,20,2022-12-29,150.0,28400000.0
899,2023-01-26,2,3818000,31,2022-12-29,150.0,28400000.0
900,2023-01-27,1,2762000,17,2022-12-30,140.0,26500000.0
901,2023-01-27,2,4256500,27,2022-12-30,140.0,26500000.0
902,2023-01-28,1,1827000,13,2022-12-31,116.0,19184500.0
903,2023-01-28,2,8411500,48,2022-12-31,116.0,19184500.0
904,2023-01-29,1,4052000,28,2023-01-01,162.0,30480000.0
905,2023-01-29,2,11144000,53,2023-01-01,162.0,30480000.0
906,2023-01-30,1,2192000,17,2023-01-02,144.0,23984000.0
907,2023-01-30,2,6045000,37,2023-01-02,144.0,23984000.0
908,2023-01-31,1,2917000,17,2023-01-03,112.0,20714000.0
909,2023-01-31,2,6125500,39,2023-01-03,112.0,20714000.0
910,2023-02-01,1,3806000,23,2023-01-04,128.0,22528000.0
911,2023-02-01,2,5412750,35,2023-01-04,128.0,22528000.0
912,2023-02-02,1,3026000,17,2023-01-05,120.0,18334000.0
913,2023-02-02,2,7328000,38,2023-01-05,120.0,18334000.0
914,2023-02-03,1,3092000,20,2023-01-06,126.0,20684000.0
915,2023-02-03,2,7299500,38,2023-01-06,126.0,20684000.0
916,2023-02-04,1,4151000,20,2023-01-07,126.0,21555000.0
917,2023-02-04,2,8581750,50,2023-01-07,126.0,21555000.0
918,2023-02-05,1,2513750,17,2023-01-08,168.0,27649500.0
919,2023-02-05,2,8445500,50,2023-01-08,168.0,27649500.0
920,2023-02-06,1,3579000,17,2023-01-09,102.0,17426000.0
921,2023-02-06,2,4597000,35,2023-01-09,102.0,17426000.0
922,2023-02-07,1,4372500,22,2023-01-10,112.0,17690000.0
923,2023-02-07,2,5665000,35,2023-01-10,112.0,17690000.0
924,2023-02-08,1,2394000,15,2023-01-11,128.0,20623000.0
925,2023-02-08,2,4244000,28,2023-01-11,128.0,20623000.0
926,2023-02-09,1,5195000,28,2023-01-12,114.0,21290000.0
927,2023-02-09,2,4810000,27,2023-01-12,114.0,21290000.0
928,2023-02-10,1,2117000,14,2023-01-13,156.0,26957000.0
929,2023-02-10,2,6051750,39,2023-01-13,156.0,26957000.0
930,2023-02-11,1,2000000,13,2023-01-14,112.0,17295000.0
931,2023-02-11,2,5927500,40,2023-01-14,112.0,17295000.0
932,2023-02-12,1,1826000,6,2023-01-15,124.0,24052000.0
933,2023-02-12,2,9495000,48,2023-01-15,124.0,24052000.0
934,2023-02-13,1,3087000,15,2023-01-16,94.0,17272000.0
935,2023-02-13,2,3605000,22,2023-01-16,94.0,17272000.0
936,2023-02-14,1,4780000,23,2023-01-17,110.0,18616000.0
937,2023-02-14,2,7536000,34,2023-01-17,110.0,18616000.0
938,2023-02-15,1,2806000,24,2023-01-18,110.0,19520000.0
939,2023-02-15,2,5295000,39,2023-01-18,110.0,19520000.0
940,2023-02-16,1,2132000,13,2023-01-19,104.0,17264500.0
941,2023-02-16,2,8173500,48,2023-01-19,104.0,17264500.0
942,2023-02-17,1,2199000,16,2023-01-20,118.0,19336000.0
943,2023-02-17,2,8242000,45,2023-01-20,118.0,19336000.0
944,2023-02-18,1,4742000,27,2023-01-21,122.0,22044000.0
945,2023-02-18,2,9020000,60,2023-01-21,122.0,22044000.0
946,2023-02-19,1,4567000,22,2023-01-22,158.0,29196000.0
947,2023-02-19,2,9008000,51,2023-01-22,158.0,29196000.0
948,2023-02-20,1,983000,10,2023-01-23,148.0,25350000.0
949,2023-02-20,2,6563000,39,2023-01-23,148.0,25350000.0
950,2023-02-21,1,4023000,18,2023-01-24,124.0,20202000.0
951,2023-02-21,2,5045000,32,2023-01-24,124.0,20202000.0
952,2023-02-22,1,2283500,18,2023-01-25,80.0,14932000.0
953,2023-02-22,2,4864500,34,2023-01-25,80.0,14932000.0
954,2023-02-23,1,3279000,18,2023-01-26,102.0,16362000.0
955,2023-02-23,2,6731500,41,2023-01-26,102.0,16362000.0
956,2023-02-24,1,1575000,10,2023-01-27,88.0,14037000.0
957,2023-02-24,2,6840000,42,2023-01-27,88.0,14037000.0
958,2023-02-25,1,3550000,22,2023-01-28,122.0,20477000.0
959,2023-02-25,2,9665750,55,2023-01-28,122.0,20477000.0
960,2023-02-26,1,5917000,32,2023-01-29,162.0,30392000.0
961,2023-02-26,2,6312000,38,2023-01-29,162.0,30392000.0
962,2023-02-27,1,4145000,18,2023-01-30,108.0,16474000.0
963,2023-02-27,2,5636500,39,2023-01-30,108.0,16474000.0
964,2023-02-28,1,3299000,20,2023-01-31,112.0,18085000.0
965,2023-02-28,2,6881000,39,2023-01-31,112.0,18085000.0
966,2023-03-01,1,3236000,17,2023-02-01,116.0,18437500.0
967,2023-03-01,2,7063000,43,2023-02-01,116.0,18437500.0
968,2023-03-02,1,3633000,27,2023-02-02,110.0,20708000.0
969,2023-03-02,2,6441750,35,2023-02-02,110.0,20708000.0
970,2023-03-03,1,2267000,19,2023-02-03,116.0,20783000.0
971,2023-03-03,2,6408500,37,2023-02-03,116.0,20783000.0
972,2023-03-04,1,4686000,23,2023-02-04,140.0,25465500.0
973,2023-03-04,2,9427000,51,2023-02-04,140.0,25465500.0
974,2023-03-05,1,2840000,20,2023-02-05,134.0,21918500.0
975,2023-03-05,2,8914500,50,2023-02-05,134.0,21918500.0
976,2023-03-06,1,1584000,11,2023-02-06,104.0,16352000.0
977,2023-03-06,2,7058500,40,2023-02-06,104.0,16352000.0
978,2023-03-07,1,2306000,19,2023-02-07,114.0,20075000.0
979,2023-03-07,2,8215000,33,2023-02-07,114.0,20075000.0
980,2023-03-08,1,2898000,19,2023-02-08,86.0,13276000.0
981,2023-03-08,2,7514000,35,2023-02-08,86.0,13276000.0
982,2023-03-09,1,3781000,19,2023-02-09,110.0,20010000.0
983,2023-03-09,2,5868000,35,2023-02-09,110.0,20010000.0
984,2023-03-10,1,3158000,19,2023-02-10,106.0,16337500.0
985,2023-03-10,2,5416500,40,2023-02-10,106.0,16337500.0
986,2023-03-11,1,4626000,28,2023-02-11,106.0,15855000.0
987,2023-03-11,2,8982000,53,2023-02-11,106.0,15855000.0
988,2023-03-12,1,3636000,22,2023-02-12,108.0,22642000.0
989,2023-03-12,2,9540000,46,2023-02-12,108.0,22642000.0
990,2023-03-13,1,4047000,24,2023-02-13,74.0,13384000.0
991,2023-03-13,2,5715000,36,2023-02-13,74.0,13384000.0
992,2023-03-14,1,3989000,20,2023-02-14,114.0,24632000.0
993,2023-03-14,2,5835000,39,2023-02-14,114.0,24632000.0
994,2023-03-15,1,2836000,20,2023-02-15,126.0,16202000.0
995,2023-03-15,2,6196500,42,2023-02-15,126.0,16202000.0
996,2023-03-16,1,2023000,15,2023-02-16,122.0,20611000.0
997,2023-03-16,2,6092500,35,2023-02-16,122.0,20611000.0
998,2023-03-17,1,2672000,19,2023-02-17,122.0,20882000.0
999,2023-03-17,2,6721000,35,2023-02-17,122.0,20882000.0
1000,2023-03-18,1,4995000,28,2023-02-18,174.0,27524000.0
1001,2023-03-18,2,9373500,54,2023-02-18,174.0,27524000.0
1002,2023-03-19,1,4601500,29,2023-02-19,146.0,27150000.0
1003,2023-03-19,2,10860000,58,2023-02-19,146.0,27150000.0
1004,2023-03-20,1,4034000,30,2023-02-20,98.0,15092000.0
1005,2023-03-20,2,7332000,43,2023-02-20,98.0,15092000.0
1006,2023-03-21,1,3285000,20,2023-02-21,100.0,18136000.0
1007,2023-03-21,2,4745000,34,2023-02-21,100.0,18136000.0
1008,2023-03-22,1,3406000,25,2023-02-22,104.0,14296000.0
1009,2023-03-22,2,8858000,60,2023-02-22,104.0,14296000.0
1010,2023-03-23,1,1235000,12,2023-02-23,118.0,20021000.0
1011,2023-03-23,2,4455500,33,2023-02-23,118.0,20021000.0
1012,2023-03-24,1,560000,6,2023-02-24,104.0,16830000.0
1013,2023-03-24,2,3061500,28,2023-02-24,104.0,16830000.0
1014,2023-03-25,1,1304000,11,2023-02-25,154.0,26431500.0
1015,2023-03-25,2,5283000,40,2023-02-25,154.0,26431500.0
1016,2023-03-26,1,1035000,11,2023-02-26,140.0,24458000.0
1017,2023-03-26,2,7702000,45,2023-02-26,140.0,24458000.0
1018,2023-03-27,1,1153000,12,2023-02-27,114.0,19563000.0
1019,2023-03-27,2,3506000,29,2023-02-27,114.0,19563000.0
1020,2023-03-28,1,971000,7,2023-02-28,118.0,20360000.0
1021,2023-03-28,2,3963000,28,2023-02-28,118.0,20360000.0
1022,2023-03-29,1,654500,7,2023-03-01,120.0,20598000.0
1023,2023-03-29,2,3556500,29,2023-03-01,120.0,20598000.0
1024,2023-03-30,1,722500,8,2023-03-02,124.0,20149500.0
1025,2023-03-30,2,7541000,28,2023-03-02,124.0,20149500.0
1026,2023-03-31,1,496000,6,2023-03-03,112.0,17351000.0
1027,2023-03-31,2,3249500,24,2023-03-03,112.0,17351000.0
1028,2023-04-01,1,589000,5,2023-03-04,148.0,28226000.0
1029,2023-04-01,2,4822500,28,2023-03-04,148.0,28226000.0
1030,2023-04-02,1,621000,5,2023-03-05,140.0,23509000.0
1031,2023-04-02,2,7587500,42,2023-03-05,140.0,23509000.0
1032,2023-04-03,1,638500,6,2023-03-06,102.0,17285000.0
1033,2023-04-03,2,4296000,30,2023-03-06,102.0,17285000.0
1034,2023-04-04,1,1102000,8,2023-03-07,104.0,21042000.0
1035,2023-04-04,2,4178000,23,2023-03-07,104.0,21042000.0
1036,2023-04-05,1,813000,5,2023-03-08,108.0,20824000.0
1037,2023-04-05,2,4693000,33,2023-03-08,108.0,20824000.0
1038,2023-04-06,1,1317000,8,2023-03-09,108.0,19298000.0
1039,2023-04-06,2,5175000,40,2023-03-09,108.0,19298000.0
1040,2023-04-07,1,1448000,9,2023-03-10,118.0,17149000.0
1041,2023-04-07,2,7058000,40,2023-03-10,118.0,17149000.0
1042,2023-04-08,1,782000,9,2023-03-11,162.0,27216000.0
1043,2023-04-08,2,6685500,47,2023-03-11,162.0,27216000.0
1044,2023-04-09,1,1879000,10,2023-03-12,136.0,26352000.0
1045,2023-04-09,2,7051000,40,2023-03-12,136.0,26352000.0
1046,2023-04-10,1,307000,4,2023-03-13,120.0,19524000.0
1047,2023-04-10,2,6459000,33,2023-03-13,120.0,19524000.0
1048,2023-04-11,1,447000,6,2023-03-14,118.0,19648000.0
1049,2023-04-11,2,8231500,32,2023-03-14,118.0,19648000.0
1050,2023-04-12,1,1060000,8,2023-03-15,124.0,18065000.0
1051,2023-04-12,2,6069000,35,2023-03-15,124.0,18065000.0
1052,2023-04-13,1,1275000,13,2023-03-16,100.0,16231000.0
1053,2023-04-13,2,7403500,49,2023-03-16,100.0,16231000.0
1054,2023-04-14,1,1149000,9,2023-03-17,108.0,18786000.0
1055,2023-04-14,2,7639500,44,2023-03-17,108.0,18786000.0
1056,2023-04-15,1,622000,5,2023-03-18,164.0,28737000.0
1057,2023-04-15,2,9421000,49,2023-03-18,164.0,28737000.0
1058,2023-04-16,1,1349000,10,2023-03-19,174.0,30923000.0
1059,2023-04-16,2,9518375,43,2023-03-19,174.0,30923000.0
1060,2023-04-17,1,1183875,6,2023-03-20,146.0,22732000.0
1061,2023-04-17,2,7616500,45,2023-03-20,146.0,22732000.0
1062,2023-04-18,1,1015000,8,2023-03-21,108.0,16060000.0
1063,2023-04-18,2,10929000,56,2023-03-21,108.0,16060000.0
1064,2023-04-19,1,1650500,13,2023-03-22,170.0,24528000.0
1065,2023-04-19,2,14052250,71,2023-03-22,170.0,24528000.0
1066,2023-04-20,1,3269000,19,2023-03-23,90.0,11381000.0
1067,2023-04-20,2,11745000,54,2023-03-23,90.0,11381000.0
1068,2023-04-21,1,8661800,36,2023-03-24,68.0,7243000.0
1069,2023-04-21,2,6851000,28,2023-03-24,68.0,7243000.0
1070,2023-04-23,1,8351000,36,2023-03-26,112.0,17474000.0
1071,2023-04-23,2,18936500,78,2023-03-26,112.0,17474000.0
1072,2023-04-24,1,6514000,29,2023-03-27,82.0,9318000.0
1073,2023-04-24,2,17261500,77,2023-03-27,82.0,9318000.0
1074,2023-04-25,1,6700000,30,2023-03-28,70.0,9868000.0
1075,2023-04-25,2,16827500,71,2023-03-28,70.0,9868000.0
1076,2023-04-26,1,5821000,26,2023-03-29,72.0,8422000.0
1077,2023-04-26,2,17137500,74,2023-03-29,72.0,8422000.0
1078,2023-04-27,1,5276000,20,2023-03-30,72.0,16527000.0
1079,2023-04-27,2,12988000,58,2023-03-30,72.0,16527000.0
1080,2023-04-28,1,5478000,30,2023-03-31,60.0,7491000.0
1081,2023-04-28,2,12801000,55,2023-03-31,60.0,7491000.0
1082,2023-04-29,1,5894000,27,2023-04-01,66.0,10823000.0
1083,2023-04-29,2,16972000,54,2023-04-01,66.0,10823000.0
1084,2023-04-30,1,5752000,23,2023-04-02,94.0,16417000.0
1085,2023-04-30,2,14040000,64,2023-04-02,94.0,16417000.0
1086,2023-05-01,1,5260000,31,2023-04-03,72.0,9869000.0
1087,2023-05-01,2,12100000,57,2023-04-03,72.0,9869000.0
1088,2023-05-02,1,4851000,26,2023-04-04,62.0,10560000.0
1089,2023-05-02,2,8516000,43,2023-04-04,62.0,10560000.0
1090,2023-05-03,1,5210000,24,2023-04-05,76.0,11012000.0
1091,2023-05-03,2,8964000,50,2023-04-05,76.0,11012000.0
1092,2023-05-04,1,3633000,18,2023-04-06,96.0,12984000.0
1093,2023-05-04,2,13249000,36,2023-04-06,96.0,12984000.0
1094,2023-05-05,1,2738000,20,2023-04-07,98.0,17012000.0
1095,2023-05-05,2,8441000,35,2023-04-07,98.0,17012000.0
1096,2023-05-06,1,4506000,20,2023-04-08,112.0,14935000.0
1097,2023-05-06,2,8153000,47,2023-04-08,112.0,14935000.0
1098,2023-05-07,1,4627000,23,2023-04-09,100.0,17860000.0
1099,2023-05-07,2,10584000,52,2023-04-09,100.0,17860000.0
1100,2023-05-08,1,5374000,28,2023-04-10,74.0,13532000.0
1101,2023-05-08,2,6804000,37,2023-04-10,74.0,13532000.0
1102,2023-05-09,1,3915000,22,2023-04-11,76.0,17357000.0
1103,2023-05-09,2,9020000,49,2023-04-11,76.0,17357000.0
1104,2023-05-10,1,4272000,23,2023-04-12,86.0,14258000.0
1105,2023-05-10,2,7103000,36,2023-04-12,86.0,14258000.0
1106,2023-05-11,1,3238000,18,2023-04-13,124.0,17357000.0
1107,2023-05-11,2,8588000,32,2023-04-13,124.0,17357000.0
1108,2023-05-12,1,2657000,15,2023-04-14,106.0,17577000.0
1109,2023-05-12,2,10190000,52,2023-04-14,106.0,17577000.0
1110,2023-05-13,1,4167000,22,2023-04-15,108.0,20086000.0
1111,2023-05-13,2,7446000,38,2023-04-15,108.0,20086000.0
1112,2023-05-14,1,4642000,27,2023-04-16,106.0,21734750.0
1113,2023-05-14,2,10602000,55,2023-04-16,106.0,21734750.0
1114,2023-05-15,1,5528000,17,2023-04-17,102.0,17600750.0
1115,2023-05-15,2,7488000,35,2023-04-17,102.0,17600750.0
1116,2023-05-16,1,4337000,21,2023-04-18,128.0,23888000.0
1117,2023-05-16,2,5339000,31,2023-04-18,128.0,23888000.0
1118,2023-05-17,1,4053000,23,2023-04-19,168.0,31405500.0
1119,2023-05-17,2,5955000,35,2023-04-19,168.0,31405500.0
1120,2023-05-18,1,2867000,19,2023-04-20,146.0,30028000.0
1121,2023-05-18,2,9395250,50,2023-04-20,146.0,30028000.0
1122,2023-05-19,1,2587250,15,2023-04-21,128.0,31025600.0
1123,2023-05-19,2,7833500,33,2023-04-21,128.0,31025600.0
1124,2023-05-20,1,4188000,20,2023-04-22,,
1125,2023-05-20,2,7793750,37,2023-04-22,,
1126,2023-05-21,1,3311250,16,2023-04-23,228.0,54575000.0
1127,2023-05-21,2,9026750,47,2023-04-23,228.0,54575000.0
1128,2023-05-22,1,3392000,18,2023-04-24,212.0,47551000.0
1129,2023-05-22,2,7036750,32,2023-04-24,212.0,47551000.0
1130,2023-05-23,1,4958000,26,2023-04-25,202.0,47055000.0
1131,2023-05-23,2,6215250,39,2023-04-25,202.0,47055000.0
1132,2023-05-24,1,2150000,14,2023-04-26,200.0,45917000.0
1133,2023-05-24,2,4108500,25,2023-04-26,200.0,45917000.0
1134,2023-05-25,1,2105500,13,2023-04-27,156.0,36528000.0
1135,2023-05-25,2,6071500,31,2023-04-27,156.0,36528000.0
1136,2023-05-26,1,5622000,20,2023-04-28,170.0,36558000.0
1137,2023-05-26,2,6905250,33,2023-04-28,170.0,36558000.0
1138,2023-05-27,1,6519000,22,2023-04-29,162.0,45732000.0
1139,2023-05-27,2,7727000,37,2023-04-29,162.0,45732000.0
1140,2023-05-28,1,5744500,25,2023-04-30,174.0,39584000.0
1141,2023-05-28,2,9844750,48,2023-04-30,174.0,39584000.0
1142,2023-05-29,1,4565000,24,2023-05-01,176.0,34720000.0
1143,2023-05-29,2,6765500,34,2023-05-01,176.0,34720000.0
1144,2023-05-30,1,6050500,32,2023-05-02,138.0,26734000.0
1145,2023-05-30,2,7859000,37,2023-05-02,138.0,26734000.0
1146,2023-05-31,1,4257000,17,2023-05-03,148.0,28348000.0
1147,2023-05-31,2,6732000,34,2023-05-03,148.0,28348000.0
1148,2023-06-01,1,3928000,20,2023-05-04,108.0,33764000.0
1149,2023-06-01,2,11316500,55,2023-05-04,108.0,33764000.0
1150,2023-06-02,1,2363000,16,2023-05-05,110.0,22358000.0
1151,2023-06-02,2,10000000,45,2023-05-05,110.0,22358000.0
1152,2023-06-03,1,4462750,26,2023-05-06,134.0,25318000.0
1153,2023-06-03,2,9239000,49,2023-05-06,134.0,25318000.0
1154,2023-06-04,1,3656000,13,2023-05-07,150.0,30422000.0
1155,2023-06-04,2,7746250,39,2023-05-07,150.0,30422000.0
1156,2023-06-05,1,2399000,13,2023-05-08,130.0,24356000.0
1157,2023-06-05,2,5904000,33,2023-05-08,130.0,24356000.0
1158,2023-06-06,1,3393000,21,2023-05-09,142.0,25870000.0
1159,2023-06-06,2,5891250,32,2023-05-09,142.0,25870000.0
1160,2023-06-07,1,1996000,15,2023-05-10,118.0,22750000.0
1161,2023-06-07,2,6630000,36,2023-05-10,118.0,22750000.0
1162,2023-06-08,1,3234000,20,2023-05-11,100.0,23652000.0
1163,2023-06-08,2,5432500,32,2023-05-11,100.0,23652000.0
1164,2023-06-09,1,4052000,21,2023-05-12,134.0,25694000.0
1165,2023-06-09,2,8723750,39,2023-05-12,134.0,25694000.0
1166,2023-06-10,1,3649000,20,2023-05-13,120.0,23226000.0
1167,2023-06-10,2,4290000,32,2023-05-13,120.0,23226000.0
1168,2023-06-11,1,3372500,21,2023-05-14,164.0,30488000.0
1169,2023-06-11,2,7302000,40,2023-05-14,164.0,30488000.0
1170,2023-06-12,1,1625000,10,2023-05-15,104.0,26032000.0
1171,2023-06-12,2,6977500,37,2023-05-15,104.0,26032000.0
1172,2023-06-13,1,3435000,21,2023-05-16,104.0,19352000.0
1173,2023-06-13,2,3843000,17,2023-05-16,104.0,19352000.0
1174,2023-06-14,1,3290000,17,2023-05-17,116.0,20016000.0
1175,2023-06-14,2,8718750,48,2023-05-17,116.0,20016000.0
1176,2023-06-15,1,3412000,17,2023-05-18,138.0,24524500.0
1177,2023-06-15,2,7520000,41,2023-05-18,138.0,24524500.0
1178,2023-06-16,1,2752000,15,2023-05-19,96.0,20841500.0
1179,2023-06-16,2,4974750,32,2023-05-19,96.0,20841500.0
1180,2023-06-17,1,2739000,17,2023-05-20,114.0,23963500.0
1181,2023-06-17,2,6474000,40,2023-05-20,114.0,23963500.0
1182,2023-06-18,1,2805250,22,2023-05-21,126.0,24676000.0
1183,2023-06-18,2,8704000,48,2023-05-21,126.0,24676000.0
1184,2023-06-19,1,2998500,18,2023-05-22,100.0,20857500.0
1185,2023-06-19,2,6131000,35,2023-05-22,100.0,20857500.0
1186,2023-06-20,1,4558000,22,2023-05-23,130.0,22346500.0
1187,2023-06-20,2,7857750,40,2023-05-23,130.0,22346500.0
1188,2023-06-21,1,2115000,12,2023-05-24,78.0,12517000.0
1189,2023-06-21,2,6473000,34,2023-05-24,78.0,12517000.0
1190,2023-06-22,1,3865000,12,2023-05-25,88.0,16354000.0
1191,2023-06-22,2,8274500,49,2023-05-25,88.0,16354000.0
1192,2023-06-23,1,3282000,21,2023-05-26,106.0,25054500.0
1193,2023-06-23,2,6826000,34,2023-05-26,106.0,25054500.0
1194,2023-06-24,1,6511000,28,2023-05-27,118.0,28492000.0
1195,2023-06-24,2,9269000,45,2023-05-27,118.0,28492000.0
1196,2023-06-25,1,4766000,23,2023-05-28,146.0,31178500.0
1197,2023-06-25,2,10672250,58,2023-05-28,146.0,31178500.0
1198,2023-06-26,1,4222250,22,2023-05-29,116.0,22661000.0
1199,2023-06-26,2,8578000,47,2023-05-29,116.0,22661000.0
1200,2023-06-27,1,2818000,15,2023-05-30,138.0,27819000.0
1201,2023-06-27,2,6536000,32,2023-05-30,138.0,27819000.0
1202,2023-07-01,1,1768000,10,2023-06-03,150.0,27403500.0
1203,2023-07-01,2,7104000,34,2023-06-03,150.0,27403500.0
1204,2023-07-02,1,2267750,15,2023-06-04,104.0,22804500.0
1205,2023-07-02,2,7140000,36,2023-06-04,104.0,22804500.0
1206,2023-07-03,1,2226000,10,2023-06-05,92.0,16606000.0
1207,2023-07-03,2,4378500,23,2023-06-05,92.0,16606000.0
1208,2023-07-04,1,1482000,11,2023-06-06,106.0,18568500.0
1209,2023-07-04,2,3192000,17,2023-06-06,106.0,18568500.0
1210,2023-07-05,1,2407000,15,2023-06-07,102.0,17252000.0
1211,2023-07-05,2,6748750,32,2023-06-07,102.0,17252000.0
1212,2023-07-06,1,3274500,14,2023-06-08,104.0,17333000.0
1213,2023-07-06,2,6839000,41,2023-06-08,104.0,17333000.0
1214,2023-07-07,1,2269250,16,2023-06-09,120.0,25551500.0
1215,2023-07-07,2,7684000,37,2023-06-09,120.0,25551500.0
1216,2023-07-08,1,5028000,23,2023-06-10,104.0,15878000.0
1217,2023-07-08,2,7392000,37,2023-06-10,104.0,15878000.0
1218,2023-07-09,1,2501000,12,2023-06-11,122.0,21349000.0
1219,2023-07-09,2,7082000,38,2023-06-11,122.0,21349000.0
1220,2023-07-10,1,2000000,11,2023-06-12,94.0,17205000.0
1221,2023-07-10,2,7162750,40,2023-06-12,94.0,17205000.0
1222,2023-07-11,1,2529000,11,2023-06-13,76.0,14556000.0
1223,2023-07-11,2,6642250,37,2023-06-13,76.0,14556000.0
1224,2023-07-12,1,3283000,13,2023-06-14,130.0,24017500.0
1225,2023-07-12,2,5287000,22,2023-06-14,130.0,24017500.0
1226,2023-07-13,1,2859500,17,2023-06-15,116.0,21864000.0
1227,2023-07-13,2,5818000,29,2023-06-15,116.0,21864000.0
1228,2023-07-14,1,2935000,15,2023-06-16,94.0,15453500.0
1229,2023-07-14,2,8393000,42,2023-06-16,94.0,15453500.0
1230,2023-07-15,1,3760000,17,2023-06-17,114.0,18426000.0
1231,2023-07-15,2,5859000,25,2023-06-17,114.0,18426000.0
1232,2023-07-16,1,6119750,24,2023-06-18,140.0,23018500.0
1233,2023-07-16,2,7307000,34,2023-06-18,140.0,23018500.0
1234,2023-07-17,1,2114000,16,2023-06-19,106.0,18259000.0
1235,2023-07-17,2,5432000,29,2023-06-19,106.0,18259000.0
1236,2023-07-18,1,1577000,8,2023-06-20,124.0,24831500.0
1237,2023-07-18,2,5343000,26,2023-06-20,124.0,24831500.0
1238,2023-07-19,1,3111000,13,2023-06-21,92.0,17176000.0
1239,2023-07-19,2,3928000,22,2023-06-21,92.0,17176000.0
1240,2023-07-20,1,2716000,17,2023-06-22,122.0,24279000.0
1241,2023-07-20,2,6434750,25,2023-06-22,122.0,24279000.0
1242,2023-07-21,1,4123750,19,2023-06-23,110.0,20216000.0
1243,2023-07-21,2,5477000,23,2023-06-23,110.0,20216000.0
1244,2023-07-22,1,5798500,19,2023-06-24,146.0,31560000.0
1245,2023-07-22,2,5758000,27,2023-06-24,146.0,31560000.0
1246,2023-07-23,1,2421500,14,2023-06-25,162.0,30876500.0
1247,2023-07-23,2,7226000,42,2023-06-25,162.0,30876500.0
1248,2023-07-24,1,1310000,10,2023-06-26,138.0,25600500.0
1249,2023-07-24,2,4992000,25,2023-06-26,138.0,25600500.0
1250,2023-07-25,1,1839000,14,2023-06-27,94.0,18708000.0
1251,2023-07-25,2,7322000,36,2023-06-27,94.0,18708000.0
1252,2023-07-26,1,4834000,22,2023-06-28,,
1253,2023-07-26,2,7705250,38,2023-06-28,,
1254,2023-07-27,1,4077000,17,2023-06-29,,
1255,2023-07-27,2,5543500,27,2023-06-29,,
1256,2023-07-28,1,2077000,11,2023-06-30,,
1257,2023-07-28,2,4722000,33,2023-06-30,,
1258,2023-07-29,1,3338000,16,2023-07-01,88.0,17744000.0
1259,2023-07-29,2,5610500,33,2023-07-01,88.0,17744000.0
1260,2023-07-30,1,2034000,13,2023-07-02,102.0,18815500.0
1261,2023-07-30,2,8207750,43,2023-07-02,102.0,18815500.0
1262,2023-07-31,1,1040000,8,2023-07-03,66.0,13209000.0
1263,2023-07-31,2,6818000,34,2023-07-03,66.0,13209000.0
1264,2023-08-01,1,2555000,15,2023-07-04,56.0,9348000.0
1265,2023-08-01,2,4512000,25,2023-07-04,56.0,9348000.0
1266,2023-08-02,1,3626000,19,2023-07-05,94.0,18311500.0
1267,2023-08-02,2,4408500,23,2023-07-05,94.0,18311500.0
1268,2023-08-03,1,4366000,20,2023-07-06,110.0,20227000.0
1269,2023-08-03,2,8760000,44,2023-07-06,110.0,20227000.0
1270,2023-08-04,1,4626000,16,2023-07-07,106.0,19906500.0
1271,2023-08-04,2,6815000,35,2023-07-07,106.0,19906500.0
1272,2023-08-05,1,4719000,22,2023-07-08,120.0,24840000.0
1273,2023-08-05,2,8266000,44,2023-07-08,120.0,24840000.0
1274,2023-08-06,1,2926000,18,2023-07-09,100.0,19166000.0
1275,2023-08-06,2,7904000,37,2023-07-09,100.0,19166000.0
1276,2023-08-07,1,1640000,10,2023-07-10,102.0,18325500.0
1277,2023-08-07,2,3941000,20,2023-07-10,102.0,18325500.0
1278,2023-08-08,1,4936000,25,2023-07-11,96.0,18342500.0
1279,2023-08-08,2,4391250,23,2023-07-11,96.0,18342500.0
1280,2023-08-09,1,4236000,22,2023-07-12,70.0,17140000.0
1281,2023-08-09,2,4869000,24,2023-07-12,70.0,17140000.0
1282,2023-08-10,1,2205000,13,2023-07-13,92.0,17355000.0
1283,2023-08-10,2,8629000,27,2023-07-13,92.0,17355000.0
1284,2023-08-11,1,2846000,15,2023-07-14,114.0,22656000.0
1285,2023-08-11,2,7647750,38,2023-07-14,114.0,22656000.0
1286,2023-08-12,1,3690000,17,2023-07-15,84.0,19238000.0
1287,2023-08-12,2,8770000,44,2023-07-15,84.0,19238000.0
1288,2023-08-13,1,4306250,27,2023-07-16,116.0,26853500.0
1289,2023-08-13,2,8860000,45,2023-07-16,116.0,26853500.0
1290,2023-08-14,1,2917000,17,2023-07-17,90.0,15092000.0
1291,2023-08-14,2,3531000,17,2023-07-17,90.0,15092000.0
1292,2023-08-15,1,3422000,16,2023-07-18,68.0,13840000.0
1293,2023-08-15,2,3041000,19,2023-07-18,68.0,13840000.0
1294,2023-08-16,1,3097000,16,2023-07-19,70.0,14078000.0
1295,2023-08-16,2,3959000,21,2023-07-19,70.0,14078000.0
1296,2023-08-17,1,3669000,20,2023-07-20,84.0,18301500.0
1297,2023-08-17,2,10735500,57,2023-07-20,84.0,18301500.0
1298,2023-08-18,1,1758000,11,2023-07-21,84.0,19201500.0
1299,2023-08-18,2,7573000,38,2023-07-21,84.0,19201500.0
1300,2023-08-19,1,3936000,24,2023-07-22,92.0,23113000.0
1301,2023-08-19,2,10271500,44,2023-07-22,92.0,23113000.0
1302,2023-08-20,1,3037000,17,2023-07-23,112.0,19295000.0
1303,2023-08-20,2,9988500,47,2023-07-23,112.0,19295000.0
1304,2023-08-21,1,6941000,30,2023-07-24,70.0,12604000.0
1305,2023-08-21,2,6963000,32,2023-07-24,70.0,12604000.0
1306,2023-08-22,1,1659000,8,2023-07-25,100.0,18322000.0
1307,2023-08-22,2,5556000,31,2023-07-25,100.0,18322000.0
1308,2023-08-23,1,3289000,17,2023-07-26,120.0,25078500.0
1309,2023-08-23,2,9485500,40,2023-07-26,120.0,25078500.0
1310,2023-08-24,1,2972000,17,2023-07-27,88.0,19241000.0
1311,2023-08-24,2,4310000,21,2023-07-27,88.0,19241000.0
1312,2023-08-25,1,4294000,22,2023-07-28,88.0,13598000.0
1313,2023-08-25,2,5549500,30,2023-07-28,88.0,13598000.0
1314,2023-08-26,1,3663500,22,2023-07-29,98.0,17897000.0
1315,2023-08-26,2,8573750,48,2023-07-29,98.0,17897000.0
1316,2023-08-27,1,5255000,25,2023-07-30,112.0,20483500.0
1317,2023-08-27,2,6978500,35,2023-07-30,112.0,20483500.0
1318,2023-08-28,1,2906000,16,2023-07-31,84.0,15716000.0
1319,2023-08-28,2,4665000,27,2023-07-31,84.0,15716000.0
1320,2023-08-29,1,3674000,19,2023-08-01,80.0,14134000.0
1321,2023-08-29,2,4635750,25,2023-08-01,80.0,14134000.0
1322,2023-08-30,1,4007000,20,2023-08-02,84.0,16069000.0
1323,2023-08-30,2,5818000,30,2023-08-02,84.0,16069000.0
1324,2023-08-31,1,2205750,14,2023-08-03,128.0,26252000.0
1325,2023-08-31,2,7714000,38,2023-08-03,128.0,26252000.0
1326,2023-09-01,1,2789750,16,2023-08-04,102.0,22882000.0
1327,2023-09-01,2,7875000,37,2023-08-04,102.0,22882000.0
1328,2023-09-02,1,2029000,11,2023-08-05,132.0,25970000.0
1329,2023-09-02,2,8838000,42,2023-08-05,132.0,25970000.0
1330,2023-09-03,1,3233500,20,2023-08-06,110.0,21660000.0
1331,2023-09-03,2,11382000,55,2023-08-06,110.0,21660000.0
1332,2023-09-04,1,1576000,9,2023-08-07,60.0,11162000.0
1333,2023-09-04,2,5491000,31,2023-08-07,60.0,11162000.0
1334,2023-09-05,1,2818000,14,2023-08-08,96.0,18654500.0
1335,2023-09-05,2,4233000,32,2023-08-08,96.0,18654500.0
1336,2023-09-06,1,5603000,26,2023-08-09,92.0,18210000.0
1337,2023-09-06,2,8516250,39,2023-08-09,92.0,18210000.0
1338,2023-09-07,1,5049250,20,2023-08-10,80.0,21668000.0
1339,2023-09-07,2,5021000,30,2023-08-10,80.0,21668000.0
1340,2023-09-08,1,3874000,20,2023-08-11,106.0,20987500.0
1341,2023-09-08,2,10134250,43,2023-08-11,106.0,20987500.0
1342,2023-09-09,1,2809000,17,2023-08-12,122.0,24920000.0
1343,2023-09-09,2,7659000,40,2023-08-12,122.0,24920000.0
1344,2023-09-10,1,3629000,19,2023-08-13,144.0,26332500.0
1345,2023-09-10,2,10384000,55,2023-08-13,144.0,26332500.0
1346,2023-09-11,1,5165000,24,2023-08-14,68.0,12896000.0
1347,2023-09-11,2,6976000,39,2023-08-14,68.0,12896000.0
1348,2023-09-12,1,1691000,9,2023-08-15,70.0,12926000.0
1349,2023-09-12,2,6595250,38,2023-08-15,70.0,12926000.0
1350,2023-09-13,1,3021750,17,2023-08-16,74.0,14112000.0
1351,2023-09-13,2,8070000,36,2023-08-16,74.0,14112000.0
1352,2023-09-14,1,6046000,27,2023-08-17,154.0,28809000.0
1353,2023-09-14,2,4989250,38,2023-08-17,154.0,28809000.0
1354,2023-09-15,1,2978000,18,2023-08-18,98.0,18662000.0
1355,2023-09-15,2,6169250,32,2023-08-18,98.0,18662000.0
1356,2023-09-16,1,3006750,21,2023-08-19,136.0,28415000.0
1357,2023-09-16,2,7386750,40,2023-08-19,136.0,28415000.0
1358,2023-09-17,1,4379500,23,2023-08-20,128.0,26051000.0
1359,2023-09-17,2,10317500,42,2023-08-20,128.0,26051000.0
1360,2023-09-18,1,1953000,11,2023-08-21,124.0,27808000.0
1361,2023-09-18,2,6309250,31,2023-08-21,124.0,27808000.0
1362,2023-09-19,1,3240000,16,2023-08-22,78.0,14430000.0
1363,2023-09-19,2,4161000,25,2023-08-22,78.0,14430000.0
1364,2023-09-20,1,3306000,21,2023-08-23,114.0,25549000.0
1365,2023-09-20,2,7409000,44,2023-08-23,114.0,25549000.0
1366,2023-09-21,1,2453000,12,2023-08-24,76.0,14564000.0
1367,2023-09-21,2,4452250,24,2023-08-24,76.0,14564000.0
1368,2023-09-22,1,3075000,18,2023-08-25,104.0,19687000.0
1369,2023-09-22,2,8786500,34,2023-08-25,104.0,19687000.0
1370,2023-09-23,1,3651000,22,2023-08-26,140.0,24474500.0
1371,2023-09-23,2,6882000,37,2023-08-26,140.0,24474500.0
1372,2023-09-24,1,4973000,25,2023-08-27,120.0,24467000.0
1373,2023-09-24,2,9562750,47,2023-08-27,120.0,24467000.0
1374,2023-09-25,1,1873000,17,2023-08-28,86.0,15142000.0
1375,2023-09-25,2,5982500,32,2023-08-28,86.0,15142000.0
1376,2023-09-26,1,2317000,11,2023-08-29,88.0,16619500.0
1377,2023-09-26,2,6347500,40,2023-08-29,88.0,16619500.0
1378,2023-09-27,1,3520250,18,2023-08-30,100.0,19650000.0
1379,2023-09-27,2,7966000,35,2023-08-30,100.0,19650000.0
1380,2023-09-28,1,2407000,12,2023-08-31,104.0,19839500.0
1381,2023-09-28,2,8285750,37,2023-08-31,104.0,19839500.0
1382,2023-09-29,1,4060000,21,2023-09-01,106.0,21329500.0
1383,2023-09-29,2,7577500,40,2023-09-01,106.0,21329500.0
1384,2023-09-30,1,3162000,21,2023-09-02,106.0,21734000.0
1385,2023-09-30,2,8643750,44,2023-09-02,106.0,21734000.0
1386,2023-10-01,1,6507000,25,2023-09-03,150.0,29231000.0
1387,2023-10-01,2,8493000,47,2023-09-03,150.0,29231000.0
1388,2023-10-02,1,1720000,13,2023-09-04,80.0,14134000.0
1389,2023-10-02,2,3731750,23,2023-09-04,80.0,14134000.0
1390,2023-10-03,1,2796000,16,2023-09-05,92.0,14102000.0
1391,2023-10-03,2,5746250,33,2023-09-05,92.0,14102000.0
1392,2023-10-04,1,4956000,15,2023-09-06,130.0,28238500.0
1393,2023-10-04,2,5307500,31,2023-09-06,130.0,28238500.0
1394,2023-10-05,1,5275500,28,2023-09-07,100.0,20140500.0
1395,2023-10-05,2,4170000,26,2023-09-07,100.0,20140500.0
1396,2023-10-06,1,2772500,19,2023-09-08,126.0,28016500.0
1397,2023-10-06,2,4537000,30,2023-09-08,126.0,28016500.0
1398,2023-10-07,1,3057000,18,2023-09-09,114.0,20936000.0
1399,2023-10-07,2,9322000,40,2023-09-09,114.0,20936000.0
1400,2023-10-08,1,4978000,22,2023-09-10,148.0,28026000.0
1401,2023-10-08,2,10218750,51,2023-09-10,148.0,28026000.0
1402,2023-10-09,1,1774000,11,2023-09-11,126.0,24282000.0
1403,2023-10-09,2,4394000,26,2023-09-11,126.0,24282000.0
1404,2023-10-10,1,2665000,12,2023-09-12,94.0,16572500.0
1405,2023-10-10,2,3773625,27,2023-09-12,94.0,16572500.0
1406,2023-10-11,1,2600000,14,2023-09-13,106.0,22183500.0
1407,2023-10-11,2,3741000,20,2023-09-13,106.0,22183500.0
1408,2023-10-12,1,2949000,13,2023-09-14,130.0,22070500.0
1409,2023-10-12,2,7399750,39,2023-09-14,130.0,22070500.0
1410,2023-10-13,1,4577750,20,2023-09-15,100.0,18294500.0
1411,2023-10-13,2,8048500,38,2023-09-15,100.0,18294500.0
1412,2023-10-14,1,7921000,32,2023-09-16,122.0,20787000.0
1413,2023-10-14,2,7783000,36,2023-09-16,122.0,20787000.0
1414,2023-10-15,1,3706000,21,2023-09-17,130.0,29394000.0
1415,2023-10-15,2,8079500,40,2023-09-17,130.0,29394000.0
1416,2023-10-16,1,3306000,18,2023-09-18,84.0,16524500.0
1417,2023-10-16,2,4325000,24,2023-09-18,84.0,16524500.0
1418,2023-10-17,1,2663250,13,2023-09-19,82.0,14802000.0
1419,2023-10-17,2,6767000,34,2023-09-19,82.0,14802000.0
1420,2023-10-18,1,3467000,20,2023-09-20,130.0,21430000.0
1421,2023-10-18,2,6033750,35,2023-09-20,130.0,21430000.0
1422,2023-10-19,1,3451000,15,2023-09-21,72.0,13810500.0
1423,2023-10-19,2,7092250,30,2023-09-21,72.0,13810500.0
1424,2023-10-20,1,3653125,18,2023-09-22,104.0,23723000.0
1425,2023-10-20,2,7538750,40,2023-09-22,104.0,23723000.0
1426,2023-10-21,1,3679750,24,2023-09-23,118.0,21066000.0
1427,2023-10-21,2,6536500,34,2023-09-23,118.0,21066000.0
1428,2023-10-22,1,3742000,17,2023-09-24,144.0,29071500.0
1429,2023-10-22,2,10800000,42,2023-09-24,144.0,29071500.0
1430,2023-10-23,1,2523250,17,2023-09-25,49.0,7855500.0
